year,state_abbreviation,state,net_generation_mwh,co2e_kg_per_mwh,reported_co2e_kg_per_mwh,co2_kg_per_mwh,gwp_basis,source_field,lowest_ghg_technology,cold_plate_vs_air_reduction_pct,one_phase_vs_air_reduction_pct,two_phase_vs_air_reduction_pct,cold_plate_minus_one_phase_kgco2e
2023,AK,AK,6678905.161,369.43135553196305,369.43148089309,367.33000651986026,"AR5 GWP100 (CH4=28; N2O=265), reconstructed","eGRID2023 ST23!STCO2AN, STCH4AN, STN2OAN and STNGENAN",Two-phase,15.211203591522393,16.283582028748366,20.620509861001757,0.2880568477732304
2023,AL,AL,138596256.477,323.8541379153855,323.85406596312004,322.49853553678656,"AR5 GWP100 (CH4=28; N2O=265), reconstructed","eGRID2023 ST23!STCO2AN, STCH4AN, STN2OAN and STNGENAN",Two-phase,15.226120319012736,16.226517597129842,20.603658699344074,0.23991782581582655
2023,AR,AR,63195646.552,452.87288650888115,452.87297250118,450.6044599161595,"AR5 GWP100 (CH4=28; N2O=265), reconstructed","eGRID2023 ST23!STCO2AN, STCH4AN, STN2OAN and STNGENAN",Two-phase,15.190821416540313,16.361554709502546,20.64353524145335,0.3761884604936192
2023,AZ,AZ,111820945.514,312.57210241840414,312.57231653648006,311.47635639994564,"AR5 GWP100 (CH4=28; N2O=265), reconstructed","eGRID2023 ST23!STCO2AN, STCH4AN, STN2OAN and STNGENAN",Two-phase,15.230382732508152,16.210211594114345,20.598843526652246,0.2280016496446038
2023,CA,CA,216080235.825,179.0640050031462,179.06420631253002,178.48236643090792,"AR5 GWP100 (CH4=28; N2O=265), reconstructed","eGRID2023 ST23!STCO2AN, STCH4AN, STN2OAN and STNGENAN",Two-phase,15.311921566021802,15.898282104733685,20.506730557114807,0.08698932881731558
2023,CO,CO,57471488.483,494.904813803869,494.90465587486,492.15723980774715,"AR5 GWP100 (CH4=28; N2O=265), reconstructed","eGRID2023 ST23!STCO2AN, STCH4AN, STN2OAN and STNGENAN",Two-phase,15.182893695983813,16.391882465230456,20.652491046321476,0.4205829184437988
2023,CT,CT,40652074.995,245.24549081873042,245.24560105738001,244.1531856354547,"AR5 GWP100 (CH4=28; N2O=265), reconstructed","eGRID2023 ST23!STCO2AN, STCH4AN, STN2OAN and STNGENAN",Two-phase,15.262461533430693,16.087493086128347,20.56260467597404,0.15689074372270895
2023,DC,DC,171869.499,179.17415860658173,179.17397566607002,178.7601577372334,"AR5 GWP100 (CH4=28; N2O=265), reconstructed","eGRID2023 ST23!STCO2AN, STCH4AN, STN2OAN and STNGENAN",Two-phase,15.311816093713492,15.898685592518024,20.506849707305008,0.08710567393471713
2023,DE,DE,4772059.259,319.40645322612716,319.40659277527004,318.96362574015023,"AR5 GWP100 (CH4=28; N2O=265), reconstructed","eGRID2023 ST23!STCO2AN, STCH4AN, STN2OAN and STNGENAN",Two-phase,15.227770068569724,16.220206425940063,20.601795006620762,0.23522014565648064
2023,FL,FL,258099011.95,357.94455534704406,357.94470771521003,356.81601239129026,"AR5 GWP100 (CH4=28; N2O=265), reconstructed","eGRID2023 ST23!STCO2AN, STCH4AN, STN2OAN and STNGENAN",Two-phase,15.214653268056145,16.270385177710246,20.616612822795854,0.27592439750007003
2023,GA,GA,129220273.258,325.4274995098813,325.42757789465,323.7884682077497,"AR5 GWP100 (CH4=28; N2O=265), reconstructed","eGRID2023 ST23!STCO2AN, STCH4AN, STN2OAN and STNGENAN",Two-phase,15.225545940466933,16.22871490114779,20.604307564568302,0.2415796229220426
2023,HI,HI,9158617.733,632.6161474753626,632.6162065916001,628.2849076716288,"AR5 GWP100 (CH4=28; N2O=265), reconstructed","eGRID2023 ST23!STCO2AN, STCH4AN, STN2OAN and STNGENAN",Two-phase,15.163701668788065,16.465302196484664,20.674171937993158,0.5660347310393945
2023,IA,IA,69819809.048,287.6484249519214,287.64832298972,285.848053121799,"AR5 GWP100 (CH4=28; N2O=265), reconstructed","eGRID2023 ST23!STCO2AN, STCH4AN, STN2OAN and STNGENAN",Two-phase,15.24079175077695,16.17039155237927,20.587084643904074,0.20167706206421343
2023,ID,ID,17842445.937,142.3736047555775,142.3735730956,142.10707960286683,"AR5 GWP100 (CH4=28; N2O=265), reconstructed","eGRID2023 ST23!STCO2AN, STCH4AN, STN2OAN and STNGENAN",Two-phase,15.353577301417609,15.738926718939329,20.459672813948394,0.048236634477740736
2023,IL,IL,177690286.567,215.2004741174664,215.20054965332,213.9617723005444,"AR5 GWP100 (CH4=28; N2O=265), reconstructed","eGRID2023 ST23!STCO2AN, STCH4AN, STN2OAN and STNGENAN",Two-phase,15.281920992745423,16.01305028450731,20.540621670995527,0.12515695666137283
2023,IN,IN,90031870.696,664.740405019609,664.74052541974,660.9703426556702,"AR5 GWP100 (CH4=28; N2O=265), reconstructed","eGRID2023 ST23!STCO2AN, STCH4AN, STN2OAN and STNGENAN",Two-phase,15.160279981686509,16.478391973029318,20.67803735703546,0.599964628917256
2023,KS,KS,58456598.044,332.6121161818401,332.61202744308,330.28767826718337,"AR5 GWP100 (CH4=28; N2O=265), reconstructed","eGRID2023 ST23!STCO2AN, STCH4AN, STN2OAN and STNGENAN",Two-phase,15.222982235704674,16.238522438034884,20.607203736226566,0.24916807254255957
2023,KY,KY,62417958.511,792.4276370737498,792.42768475948,786.9867272081474,"AR5 GWP100 (CH4=28; N2O=265), reconstructed","eGRID2023 ST23!STCO2AN, STCH4AN, STN2OAN and STNGENAN",Two-phase,15.14924198104286,16.520618207526272,20.690506789982056,0.7348289051713337
2023,LA,LA,97434806.41,346.12176904811423,346.12182259116,345.366998819146,"AR5 GWP100 (CH4=28; N2O=265), reconstructed","eGRID2023 ST23!STCO2AN, STCH4AN, STN2OAN and STNGENAN",Two-phase,15.218409776202646,16.256014532245956,20.61236916237593,0.26343707600472044
2023,MA,MA,19663313.081,376.52751450250565,376.52747992937003,373.0300521233588,"AR5 GWP100 (CH4=28; N2O=265), reconstructed","eGRID2023 ST23!STCO2AN, STCH4AN, STN2OAN and STNGENAN",Two-phase,15.20916410440687,16.291384153786602,20.622813833311014,0.29555186766167196
2023,MD,MD,35987133.297,236.8693146507776,236.86911076059002,235.87811164417764,"AR5 GWP100 (CH4=28; N2O=265), reconstructed","eGRID2023 ST23!STCO2AN, STCH4AN, STN2OAN and STNGENAN",Two-phase,15.267484891151351,16.06827606595206,20.556929878129125,0.14804375942761183
2023,ME,ME,12512180.99,143.71377092109228,143.71393854895,141.44076709567338,"AR5 GWP100 (CH4=28; N2O=265), reconstructed","eGRID2023 ST23!STCO2AN, STCH4AN, STN2OAN and STNGENAN",Two-phase,15.351786149040347,15.745778831268675,20.461696246922024,0.04965212870582292
2023,MI,MI,120648501.215,361.70897606538057,361.70907079384,359.7763209944085,"AR5 GWP100 (CH4=28; N2O=265), reconstructed","eGRID2023 ST23!STCO2AN, STCH4AN, STN2OAN and STNGENAN",Two-phase,15.213501838469112,16.274790009465445,20.617913572314873,0.2799004087858279
2023,MN,MN,57260118.977,341.25081216715995,341.25069412973,339.0806347455495,"AR5 GWP100 (CH4=28; N2O=265), reconstructed","eGRID2023 ST23!STCO2AN, STCH4AN, STN2OAN and STNGENAN",Two-phase,15.220022522499455,16.24984491824508,20.610547271577328,0.2582923323694537
2023,MO,MO,66705178.956,659.7920708036113,659.7922862554101,655.0493897548647,"AR5 GWP100 (CH4=28; N2O=265), reconstructed","eGRID2023 ST23!STCO2AN, STCH4AN, STN2OAN and STNGENAN",Two-phase,15.160787032129463,16.47645223488312,20.677464551171155,0.5947381587215546
2023,MS,MS,72933440.201,375.6985762929853,375.69876666938,374.8190292570256,"AR5 GWP100 (CH4=28; N2O=265), reconstructed","eGRID2023 ST23!STCO2AN, STCH4AN, STN2OAN and STNGENAN",Two-phase,15.20939888670142,16.29048598639693,20.622548603929946,0.2946763364915803
2023,MT,MT,26895758.013,482.5866649006598,482.5864478827701,479.0692345411206,"AR5 GWP100 (CH4=28; N2O=265), reconstructed","eGRID2023 ST23!STCO2AN, STCH4AN, STN2OAN and STNGENAN",Two-phase,15.18508881277233,16.38348497375961,20.650011261939493,0.4075723910018958
2023,NC,NC,126510680.084,284.1474502846105,284.14749707806,283.02275002556416,"AR5 GWP100 (CH4=28; N2O=265), reconstructed","eGRID2023 ST23!STCO2AN, STCH4AN, STN2OAN and STNGENAN",Two-phase,15.242376147555836,16.164330390391523,20.585294779051456,0.19797930460565283
2023,ND,ND,42068807.125,588.6959149643503,588.6957645892401,584.3921148495326,"AR5 GWP100 (CH4=28; N2O=265), reconstructed","eGRID2023 ST23!STCO2AN, STCH4AN, STN2OAN and STNGENAN",Two-phase,15.168931789571104,16.44529419741293,20.66826356359528,0.5196458300097504
2023,NE,NE,39445955.006,465.30509326119716,465.30503217814,461.8270178349173,"AR5 GWP100 (CH4=28; N2O=265), reconstructed","eGRID2023 ST23!STCO2AN, STCH4AN, STN2OAN and STNGENAN",Two-phase,15.188343356105271,16.371034611199022,20.646334662238853,0.3893194567484457
2023,NH,NH,16824998.889,125.29213065101831,125.29219162614,123.76447055584076,"AR5 GWP100 (CH4=28; N2O=265), reconstructed","eGRID2023 ST23!STCO2AN, STCH4AN, STN2OAN and STNGENAN",Two-phase,15.378729612640774,15.642705725107298,20.431258695452225,0.030195044841846652
2023,NJ,NJ,64195046.033,213.2645617812463,213.26461741816001,212.42169675979451,"AR5 GWP100 (CH4=28; N2O=265), reconstructed","eGRID2023 ST23!STCO2AN, STCH4AN, STN2OAN and STNGENAN",Two-phase,15.283323883292566,16.00768348057875,20.539036850503667,0.12311223056060783
2023,NM,NM,39258858.763,350.9159352142669,350.91584034969,349.36313089162246,"AR5 GWP100 (CH4=28; N2O=265), reconstructed","eGRID2023 ST23!STCO2AN, STCH4AN, STN2OAN and STNGENAN",Two-phase,15.216860177939296,16.26194257136806,20.614119715964684,0.2685007126725232
2023,NV,NV,42162355.474,292.0497350515941,292.04952975583,291.37397291695663,"AR5 GWP100 (CH4=28; N2O=265), reconstructed","eGRID2023 ST23!STCO2AN, STCH4AN, STN2OAN and STNGENAN",Two-phase,15.238845152392289,16.177838328522533,20.589283681466686,0.20632576101095168
2023,NY,NY,123473720.157,211.65363436218823,211.65345731992,210.98200217311117,"AR5 GWP100 (CH4=28; N2O=265), reconstructed","eGRID2023 ST23!STCO2AN, STCH4AN, STN2OAN and STNGENAN",Two-phase,15.284506750895533,16.003158381659677,20.537700586017372,0.12141075612989027
2023,OH,OH,133121090.814,484.5589188675632,484.55912109990004,482.5511114256422,"AR5 GWP100 (CH4=28; N2O=265), reconstructed","eGRID2023 ST23!STCO2AN, STCH4AN, STN2OAN and STNGENAN",Two-phase,15.184730624027932,16.384855236582062,20.650415901391415,0.40965550142379215
2023,OK,OK,88878115.88,294.3061512874112,294.30615179657997,293.5679871938715,"AR5 GWP100 (CH4=28; N2O=265), reconstructed","eGRID2023 ST23!STCO2AN, STCH4AN, STN2OAN and STNGENAN",Two-phase,15.237866170157055,16.181583457261617,20.590389620280437,0.2087090058951553
2023,OR,OR,61683300.013,165.54455210628316,165.54443213231002,165.1811393282656,"AR5 GWP100 (CH4=28; N2O=265), reconstructed","eGRID2023 ST23!STCO2AN, STCH4AN, STN2OAN and STNGENAN",Two-phase,15.325663659043432,15.845711275908425,20.491206359118152,0.07270997448442884
2023,PA,PA,235912550.485,293.8693450623773,293.86934234427,292.91749904415985,"AR5 GWP100 (CH4=28; N2O=265), reconstructed","eGRID2023 ST23!STCO2AN, STCH4AN, STN2OAN and STNGENAN",Two-phase,15.238054699247982,16.18086223302364,20.59017664232059,0.2082476476649333
2023,RI,RI,10416553.048,381.01956302652,381.01940516948,380.62560972169643,"AR5 GWP100 (CH4=28; N2O=265), reconstructed","eGRID2023 ST23!STCO2AN, STCH4AN, STN2OAN and STNGENAN",Two-phase,15.207907308919077,16.296192066260527,20.624233612813512,0.3002964052582975
2023,SC,SC,100853387.4,254.1761566398344,254.17638123031003,252.7295234581406,"AR5 GWP100 (CH4=28; N2O=265), reconstructed","eGRID2023 ST23!STCO2AN, STCH4AN, STN2OAN and STNGENAN",Two-phase,15.25740469550174,16.10683818594255,20.568317295814577,0.16632338442651573
2023,SD,SD,17405995.526,152.21764504303394,152.21743470934,151.51440402143524,"AR5 GWP100 (CH4=28; N2O=265), reconstructed","eGRID2023 ST23!STCO2AN, STCH4AN, STN2OAN and STNGENAN",Two-phase,15.340958508560899,15.787200326038853,20.473928039733714,0.05863398860176616
2023,TN,TN,77754006.807,299.89990487277237,299.89985290342,298.1312404476648,"AR5 GWP100 (CH4=28; N2O=265), reconstructed","eGRID2023 ST23!STCO2AN, STCH4AN, STN2OAN and STNGENAN",Two-phase,15.235492796126326,16.190662877675354,20.59307077869752,0.21461717319346363
2023,TX,TX,544038647.008,349.80073139662716,349.80091030423,348.5027136359315,"AR5 GWP100 (CH4=28; N2O=265), reconstructed","eGRID2023 ST23!STCO2AN, STCH4AN, STN2OAN and STNGENAN",Two-phase,15.2172173708642,16.26057611808588,20.613716201472343,0.26732282547642683
2023,UT,UT,32789440.038,644.6610352492104,644.66089838458,640.9347816104034,"AR5 GWP100 (CH4=28; N2O=265), reconstructed","eGRID2023 ST23!STCO2AN, STCH4AN, STN2OAN and STNGENAN",Two-phase,15.162381939885517,16.470350862806615,20.675662812254647,0.5787566378898177
2023,VA,VA,91024103.437,244.7579415008848,244.75798925963002,243.51164747744673,"AR5 GWP100 (CH4=28; N2O=265), reconstructed","eGRID2023 ST23!STCO2AN, STCH4AN, STN2OAN and STNGENAN",Two-phase,15.262746251411519,16.08640388812841,20.5622830351366,0.15637579023181303
2023,VT,VT,2480198.747,23.695374653003146,23.69521181643,19.49567363258492,"AR5 GWP100 (CH4=28; N2O=265), reconstructed","eGRID2023 ST23!STCO2AN, STCH4AN, STN2OAN and STNGENAN",Two-phase,15.751735479097084,14.215759514989657,20.009880604380648,-0.07711226182468334
2023,WA,WA,102953150.197,120.92099029838242,120.92092195645,120.25613617562851,"AR5 GWP100 (CH4=28; N2O=265), reconstructed","eGRID2023 ST23!STCO2AN, STCH4AN, STN2OAN and STNGENAN",Two-phase,15.385947522011945,15.61509337541418,20.423104751651667,0.025578211423347597
2023,WI,WI,62538903.174,527.7871563547909,527.78738114564,524.8045879747674,"AR5 GWP100 (CH4=28; N2O=265), reconstructed","eGRID2023 ST23!STCO2AN, STCH4AN, STN2OAN and STNGENAN",Two-phase,15.177487870943773,16.4125626267162,20.658597910692478,0.4553135117719407
2023,WV,WV,52286784.268,893.0639126032002,893.06395592953,886.4931760843995,"AR5 GWP100 (CH4=28; N2O=265), reconstructed","eGRID2023 ST23!STCO2AN, STCH4AN, STN2OAN and STNGENAN",Two-phase,15.142635831633767,16.545890249363914,20.697969639437442,0.8411217446811605
2023,WY,WY,43176351.213,831.5539040677187,831.55410900331,825.6822607260964,"AR5 GWP100 (CH4=28; N2O=265), reconstructed","eGRID2023 ST23!STCO2AN, STCH4AN, STN2OAN and STNGENAN",Two-phase,15.146495541237426,16.53112480333112,20.6936093941675,0.7761543814603655
