year,state_abbreviation,state,net_generation_mwh,co2e_kg_per_mwh,reported_co2e_kg_per_mwh,co2_kg_per_mwh,gwp_basis,source_field,technology,electricity_intensity_position,use_phase_kgco2e_per_vcore_year,embodied_kgco2e_per_vcore_year,total_kgco2e_per_vcore_year,embodied_share_pct,method
2023,AK,AK,6678905.161,369.43135553196305,369.43148089309,367.33000651986026,"AR5 GWP100 (CH4=28; N2O=265), reconstructed","eGRID2023 ST23!STCO2AN, STCH4AN, STN2OAN and STNGENAN",Air-cooled,0.7003201441629654,23.351070802830275,3.5104211643502636,26.861491967180537,13.068600838104258,Numerical intensity-index transfer between Microsoft renewable and grid endpoints; eGRID and GaBi boundaries differ
2023,AK,AK,6678905.161,369.43135553196305,369.43148089309,367.33000651986026,"AR5 GWP100 (CH4=28; N2O=265), reconstructed","eGRID2023 ST23!STCO2AN, STCH4AN, STN2OAN and STNGENAN",Cold plate,0.7003201441629654,19.82810490344675,2.9474308328855217,22.775535736332273,12.941214059714452,Numerical intensity-index transfer between Microsoft renewable and grid endpoints; eGRID and GaBi boundaries differ
2023,AK,AK,6678905.161,369.43135553196305,369.43148089309,367.33000651986026,"AR5 GWP100 (CH4=28; N2O=265), reconstructed","eGRID2023 ST23!STCO2AN, STCH4AN, STN2OAN and STNGENAN",One-phase,0.7003201441629654,19.43768976709903,3.049789121460012,22.487478888559043,13.562165579226638,Numerical intensity-index transfer between Microsoft renewable and grid endpoints; eGRID and GaBi boundaries differ
2023,AK,AK,6678905.161,369.43135553196305,369.43148089309,367.33000651986026,"AR5 GWP100 (CH4=28; N2O=265), reconstructed","eGRID2023 ST23!STCO2AN, STCH4AN, STN2OAN and STNGENAN",Two-phase,0.7003201441629654,18.503185451373117,2.819329915902762,21.32251536727588,13.22231391250231,Numerical intensity-index transfer between Microsoft renewable and grid endpoints; eGRID and GaBi boundaries differ
2023,AL,AL,138596256.477,323.8541379153855,323.85406596312004,322.49853553678656,"AR5 GWP100 (CH4=28; N2O=265), reconstructed","eGRID2023 ST23!STCO2AN, STCH4AN, STN2OAN and STNGENAN",Air-cooled,0.612462202298481,20.47183379213939,3.5104211643502636,23.98225495648965,14.637577536887688,Numerical intensity-index transfer between Microsoft renewable and grid endpoints; eGRID and GaBi boundaries differ
2023,AL,AL,138596256.477,323.8541379153855,323.85406596312004,322.49853553678656,"AR5 GWP100 (CH4=28; N2O=265), reconstructed","eGRID2023 ST23!STCO2AN, STCH4AN, STN2OAN and STNGENAN",Cold plate,0.612462202298481,17.383257128716618,2.9474308328855217,20.33068796160214,14.497447594750513,Numerical intensity-index transfer between Microsoft renewable and grid endpoints; eGRID and GaBi boundaries differ
2023,AL,AL,138596256.477,323.8541379153855,323.85406596312004,322.49853553678656,"AR5 GWP100 (CH4=28; N2O=265), reconstructed","eGRID2023 ST23!STCO2AN, STCH4AN, STN2OAN and STNGENAN",One-phase,0.612462202298481,17.040981014326302,3.049789121460012,20.090770135786315,15.180050843484745,Numerical intensity-index transfer between Microsoft renewable and grid endpoints; eGRID and GaBi boundaries differ
2023,AL,AL,138596256.477,323.8541379153855,323.85406596312004,322.49853553678656,"AR5 GWP100 (CH4=28; N2O=265), reconstructed","eGRID2023 ST23!STCO2AN, STCH4AN, STN2OAN and STNGENAN",Two-phase,0.612462202298481,16.221703080945233,2.819329915902762,19.041032996847996,14.8066017025939,Numerical intensity-index transfer between Microsoft renewable and grid endpoints; eGRID and GaBi boundaries differ
2023,AR,AR,63195646.552,452.87288650888115,452.87297250118,450.6044599161595,"AR5 GWP100 (CH4=28; N2O=265), reconstructed","eGRID2023 ST23!STCO2AN, STCH4AN, STN2OAN and STNGENAN",Air-cooled,0.8611680756739747,28.622299648754122,3.5104211643502636,32.132720813104385,10.924755437823496,Numerical intensity-index transfer between Microsoft renewable and grid endpoints; eGRID and GaBi boundaries differ
2023,AR,AR,63195646.552,452.87288650888115,452.87297250118,450.6044599161595,"AR5 GWP100 (CH4=28; N2O=265), reconstructed","eGRID2023 ST23!STCO2AN, STCH4AN, STN2OAN and STNGENAN",Cold plate,0.8611680756739747,24.304065745224694,2.9474308328855217,27.251496578110217,10.815665937602294,Numerical intensity-index transfer between Microsoft renewable and grid endpoints; eGRID and GaBi boundaries differ
2023,AR,AR,63195646.552,452.87288650888115,452.87297250118,450.6044599161595,"AR5 GWP100 (CH4=28; N2O=265), reconstructed","eGRID2023 ST23!STCO2AN, STCH4AN, STN2OAN and STNGENAN",One-phase,0.8611680756739747,23.825518996156585,3.049789121460012,26.875308117616598,11.347922442834781,Numerical intensity-index transfer between Microsoft renewable and grid endpoints; eGRID and GaBi boundaries differ
2023,AR,AR,63195646.552,452.87288650888115,452.87297250118,450.6044599161595,"AR5 GWP100 (CH4=28; N2O=265), reconstructed","eGRID2023 ST23!STCO2AN, STCH4AN, STN2OAN and STNGENAN",Two-phase,0.8611680756739747,22.680061352110602,2.819329915902762,25.499391268013365,11.05645968670378,Numerical intensity-index transfer between Microsoft renewable and grid endpoints; eGRID and GaBi boundaries differ
2023,AZ,AZ,111820945.514,312.57210241840414,312.57231653648006,311.47635639994564,"AR5 GWP100 (CH4=28; N2O=265), reconstructed","eGRID2023 ST23!STCO2AN, STCH4AN, STN2OAN and STNGENAN",Air-cooled,0.5907141344996626,19.759116872205652,3.5104211643502636,23.269538036555915,15.085908275598216,Numerical intensity-index transfer between Microsoft renewable and grid endpoints; eGRID and GaBi boundaries differ
2023,AZ,AZ,111820945.514,312.57210241840414,312.57231653648006,311.47635639994564,"AR5 GWP100 (CH4=28; N2O=265), reconstructed","eGRID2023 ST23!STCO2AN, STCH4AN, STN2OAN and STNGENAN",Cold plate,0.5907141344996626,16.778067500616363,2.9474308328855217,19.725498333501886,14.942237620834097,Numerical intensity-index transfer between Microsoft renewable and grid endpoints; eGRID and GaBi boundaries differ
2023,AZ,AZ,111820945.514,312.57210241840414,312.57231653648006,311.47635639994564,"AR5 GWP100 (CH4=28; N2O=265), reconstructed","eGRID2023 ST23!STCO2AN, STCH4AN, STN2OAN and STNGENAN",One-phase,0.5907141344996626,16.44770756239727,3.049789121460012,19.497496683857282,15.641952251157699,Numerical intensity-index transfer between Microsoft renewable and grid endpoints; eGRID and GaBi boundaries differ
2023,AZ,AZ,111820945.514,312.57210241840414,312.57231653648006,311.47635639994564,"AR5 GWP100 (CH4=28; N2O=265), reconstructed","eGRID2023 ST23!STCO2AN, STCH4AN, STN2OAN and STNGENAN",Two-phase,0.5907141344996626,15.656952391128174,2.819329915902762,18.476282307030935,15.259184012521276,Numerical intensity-index transfer between Microsoft renewable and grid endpoints; eGRID and GaBi boundaries differ
2023,CA,CA,216080235.825,179.0640050031462,179.06420631253002,178.48236643090792,"AR5 GWP100 (CH4=28; N2O=265), reconstructed","eGRID2023 ST23!STCO2AN, STCH4AN, STN2OAN and STNGENAN",Air-cooled,0.33335426756295783,11.325046619415188,3.5104211643502636,14.835467783765452,23.662355751206846,Numerical intensity-index transfer between Microsoft renewable and grid endpoints; eGRID and GaBi boundaries differ
2023,CA,CA,216080235.825,179.0640050031462,179.06420631253002,178.48236643090792,"AR5 GWP100 (CH4=28; N2O=265), reconstructed","eGRID2023 ST23!STCO2AN, STCH4AN, STN2OAN and STNGENAN",Cold plate,0.33335426756295783,9.616441759877333,2.9474308328855217,12.563872592762854,23.45957276408012,Numerical intensity-index transfer between Microsoft renewable and grid endpoints; eGRID and GaBi boundaries differ
2023,CA,CA,216080235.825,179.0640050031462,179.06420631253002,178.48236643090792,"AR5 GWP100 (CH4=28; N2O=265), reconstructed","eGRID2023 ST23!STCO2AN, STCH4AN, STN2OAN and STNGENAN",One-phase,0.33335426756295783,9.427094142485526,3.049789121460012,12.476883263945538,24.44351731872807,Numerical intensity-index transfer between Microsoft renewable and grid endpoints; eGRID and GaBi boundaries differ
2023,CA,CA,216080235.825,179.0640050031462,179.06420631253002,178.48236643090792,"AR5 GWP100 (CH4=28; N2O=265), reconstructed","eGRID2023 ST23!STCO2AN, STCH4AN, STN2OAN and STNGENAN",Two-phase,0.33335426756295783,8.973868462558338,2.819329915902762,11.7931983784611,23.90640626424074,Numerical intensity-index transfer between Microsoft renewable and grid endpoints; eGRID and GaBi boundaries differ
2023,CO,CO,57471488.483,494.904813803869,494.90465587486,492.15723980774715,"AR5 GWP100 (CH4=28; N2O=265), reconstructed","eGRID2023 ST23!STCO2AN, STCH4AN, STN2OAN and STNGENAN",Air-cooled,0.9421918594380826,31.277571010786087,3.5104211643502636,34.78799217513635,10.090899028255011,Numerical intensity-index transfer between Microsoft renewable and grid endpoints; eGRID and GaBi boundaries differ
2023,CO,CO,57471488.483,494.904813803869,494.90465587486,492.15723980774715,"AR5 GWP100 (CH4=28; N2O=265), reconstructed","eGRID2023 ST23!STCO2AN, STCH4AN, STN2OAN and STNGENAN",Cold plate,0.9421918594380826,26.55873747133271,2.9474308328855217,29.50616830421823,9.989202266104318,Numerical intensity-index transfer between Microsoft renewable and grid endpoints; eGRID and GaBi boundaries differ
2023,CO,CO,57471488.483,494.904813803869,494.90465587486,492.15723980774715,"AR5 GWP100 (CH4=28; N2O=265), reconstructed","eGRID2023 ST23!STCO2AN, STCH4AN, STN2OAN and STNGENAN",One-phase,0.9421918594380826,26.03579626431442,3.049789121460012,29.085585385774433,10.485568988931691,Numerical intensity-index transfer between Microsoft renewable and grid endpoints; eGRID and GaBi boundaries differ
2023,CO,CO,57471488.483,494.904813803869,494.90465587486,492.15723980774715,"AR5 GWP100 (CH4=28; N2O=265), reconstructed","eGRID2023 ST23!STCO2AN, STCH4AN, STN2OAN and STNGENAN",Two-phase,0.9421918594380826,24.78407529006854,2.819329915902762,27.603405205971303,10.213703327054992,Numerical intensity-index transfer between Microsoft renewable and grid endpoints; eGRID and GaBi boundaries differ
2023,CT,CT,40652074.995,245.24549081873042,245.24560105738001,244.1531856354547,"AR5 GWP100 (CH4=28; N2O=265), reconstructed","eGRID2023 ST23!STCO2AN, STCH4AN, STN2OAN and STNGENAN",Air-cooled,0.4609304873797614,15.505911387988405,3.5104211643502636,19.016332552338667,18.460032473078225,Numerical intensity-index transfer between Microsoft renewable and grid endpoints; eGRID and GaBi boundaries differ
2023,CT,CT,40652074.995,245.24549081873042,245.24560105738001,244.1531856354547,"AR5 GWP100 (CH4=28; N2O=265), reconstructed","eGRID2023 ST23!STCO2AN, STCH4AN, STN2OAN and STNGENAN",Cold plate,0.4609304873797614,13.166541278583198,2.9474308328855217,16.11397211146872,18.29115014284877,Numerical intensity-index transfer between Microsoft renewable and grid endpoints; eGRID and GaBi boundaries differ
2023,CT,CT,40652074.995,245.24549081873042,245.24560105738001,244.1531856354547,"AR5 GWP100 (CH4=28; N2O=265), reconstructed","eGRID2023 ST23!STCO2AN, STCH4AN, STN2OAN and STNGENAN",One-phase,0.4609304873797614,12.907292246285998,3.049789121460012,15.95708136774601,19.112449521154534,Numerical intensity-index transfer between Microsoft renewable and grid endpoints; eGRID and GaBi boundaries differ
2023,CT,CT,40652074.995,245.24549081873042,245.24560105738001,244.1531856354547,"AR5 GWP100 (CH4=28; N2O=265), reconstructed","eGRID2023 ST23!STCO2AN, STCH4AN, STN2OAN and STNGENAN",Two-phase,0.4609304873797614,12.286749349829941,2.819329915902762,15.106079265732703,18.66354509537266,Numerical intensity-index transfer between Microsoft renewable and grid endpoints; eGRID and GaBi boundaries differ
2023,DC,DC,171869.499,179.17415860658173,179.17397566607002,178.7601577372334,"AR5 GWP100 (CH4=28; N2O=265), reconstructed","eGRID2023 ST23!STCO2AN, STCH4AN, STN2OAN and STNGENAN",Air-cooled,0.3335666076177681,11.332005322654615,3.5104211643502636,14.842426487004879,23.65126192421282,Numerical intensity-index transfer between Microsoft renewable and grid endpoints; eGRID and GaBi boundaries differ
2023,DC,DC,171869.499,179.17415860658173,179.17397566607002,178.7601577372334,"AR5 GWP100 (CH4=28; N2O=265), reconstructed","eGRID2023 ST23!STCO2AN, STCH4AN, STN2OAN and STNGENAN",Cold plate,0.3335666076177681,9.62235060658455,2.9474308328855217,12.569781439470072,23.448544806279322,Numerical intensity-index transfer between Microsoft renewable and grid endpoints; eGRID and GaBi boundaries differ
2023,DC,DC,171869.499,179.17415860658173,179.17397566607002,178.7601577372334,"AR5 GWP100 (CH4=28; N2O=265), reconstructed","eGRID2023 ST23!STCO2AN, STCH4AN, STN2OAN and STNGENAN",One-phase,0.3335666076177681,9.432886644075342,3.049789121460012,12.482675765535355,24.432174469198934,Numerical intensity-index transfer between Microsoft renewable and grid endpoints; eGRID and GaBi boundaries differ
2023,DC,DC,171869.499,179.17415860658173,179.17397566607002,178.7601577372334,"AR5 GWP100 (CH4=28; N2O=265), reconstructed","eGRID2023 ST23!STCO2AN, STCH4AN, STN2OAN and STNGENAN",Two-phase,0.3335666076177681,8.979382478494797,2.819329915902762,11.798712394397558,23.895233832816185,Numerical intensity-index transfer between Microsoft renewable and grid endpoints; eGRID and GaBi boundaries differ
2023,DE,DE,4772059.259,319.40645322612716,319.40659277527004,318.96362574015023,"AR5 GWP100 (CH4=28; N2O=265), reconstructed","eGRID2023 ST23!STCO2AN, STCH4AN, STN2OAN and STNGENAN",Air-cooled,0.6038885235331876,20.190861432726695,3.5104211643502636,23.701282597076958,14.811102099526032,Numerical intensity-index transfer between Microsoft renewable and grid endpoints; eGRID and GaBi boundaries differ
2023,DE,DE,4772059.259,319.40645322612716,319.40659277527004,318.96362574015023,"AR5 GWP100 (CH4=28; N2O=265), reconstructed","eGRID2023 ST23!STCO2AN, STCH4AN, STN2OAN and STNGENAN",Cold plate,0.6038885235331876,17.144674947006624,2.9474308328855217,20.092105779892147,14.669596433417459,Numerical intensity-index transfer between Microsoft renewable and grid endpoints; eGRID and GaBi boundaries differ
2023,DE,DE,4772059.259,319.40645322612716,319.40659277527004,318.96362574015023,"AR5 GWP100 (CH4=28; N2O=265), reconstructed","eGRID2023 ST23!STCO2AN, STCH4AN, STN2OAN and STNGENAN",One-phase,0.6038885235331876,16.807096512775654,3.049789121460012,19.856885634235667,15.358849205445425,Numerical intensity-index transfer between Microsoft renewable and grid endpoints; eGRID and GaBi boundaries differ
2023,DE,DE,4772059.259,319.40645322612716,319.40659277527004,318.96362574015023,"AR5 GWP100 (CH4=28; N2O=265), reconstructed","eGRID2023 ST23!STCO2AN, STCH4AN, STN2OAN and STNGENAN",Two-phase,0.6038885235331876,15.99906302658452,2.819329915902762,18.818392942487282,14.981778329951924,Numerical intensity-index transfer between Microsoft renewable and grid endpoints; eGRID and GaBi boundaries differ
2023,FL,FL,258099011.95,357.94455534704406,357.94470771521003,356.81601239129026,"AR5 GWP100 (CH4=28; N2O=265), reconstructed","eGRID2023 ST23!STCO2AN, STCH4AN, STN2OAN and STNGENAN",Air-cooled,0.6781773571384129,22.62541833968386,3.5104211643502636,26.135839504034124,13.431445979794995,Numerical intensity-index transfer between Microsoft renewable and grid endpoints; eGRID and GaBi boundaries differ
2023,FL,FL,258099011.95,357.94455534704406,357.94470771521003,356.81601239129026,"AR5 GWP100 (CH4=28; N2O=265), reconstructed","eGRID2023 ST23!STCO2AN, STCH4AN, STN2OAN and STNGENAN",Cold plate,0.6781773571384129,19.211931311914164,2.9474308328855217,22.159362144799687,13.30106351268427,Numerical intensity-index transfer between Microsoft renewable and grid endpoints; eGRID and GaBi boundaries differ
2023,FL,FL,258099011.95,357.94455534704406,357.94470771521003,356.81601239129026,"AR5 GWP100 (CH4=28; N2O=265), reconstructed","eGRID2023 ST23!STCO2AN, STCH4AN, STN2OAN and STNGENAN",One-phase,0.6781773571384129,18.833648625839604,3.049789121460012,21.883437747299617,13.936517455244669,Numerical intensity-index transfer between Microsoft renewable and grid endpoints; eGRID and GaBi boundaries differ
2023,FL,FL,258099011.95,357.94455534704406,357.94470771521003,356.81601239129026,"AR5 GWP100 (CH4=28; N2O=265), reconstructed","eGRID2023 ST23!STCO2AN, STCH4AN, STN2OAN and STNGENAN",Two-phase,0.6781773571384129,17.928184749597317,2.819329915902762,20.74751466550008,13.588759720656435,Numerical intensity-index transfer between Microsoft renewable and grid endpoints; eGRID and GaBi boundaries differ
2023,GA,GA,129220273.258,325.4274995098813,325.42757789465,323.7884682077497,"AR5 GWP100 (CH4=28; N2O=265), reconstructed","eGRID2023 ST23!STCO2AN, STCH4AN, STN2OAN and STNGENAN",Air-cooled,0.6154951279295259,20.571227330643246,3.5104211643502636,24.08164849499351,14.577163042140025,Numerical intensity-index transfer between Microsoft renewable and grid endpoints; eGRID and GaBi boundaries differ
2023,GA,GA,129220273.258,325.4274995098813,325.42757789465,323.7884682077497,"AR5 GWP100 (CH4=28; N2O=265), reconstructed","eGRID2023 ST23!STCO2AN, STCH4AN, STN2OAN and STNGENAN",Cold plate,0.6154951279295259,17.467655207280984,2.9474308328855217,20.415086040166507,14.437513645969831,Numerical intensity-index transfer between Microsoft renewable and grid endpoints; eGRID and GaBi boundaries differ
2023,GA,GA,129220273.258,325.4274995098813,325.42757789465,323.7884682077497,"AR5 GWP100 (CH4=28; N2O=265), reconstructed","eGRID2023 ST23!STCO2AN, STCH4AN, STN2OAN and STNGENAN",One-phase,0.6154951279295259,17.123717295784452,3.049789121460012,20.173506417244464,15.117793894536,Numerical intensity-index transfer between Microsoft renewable and grid endpoints; eGRID and GaBi boundaries differ
2023,GA,GA,129220273.258,325.4274995098813,325.42757789465,323.7884682077497,"AR5 GWP100 (CH4=28; N2O=265), reconstructed","eGRID2023 ST23!STCO2AN, STCH4AN, STN2OAN and STNGENAN",Two-phase,0.6154951279295259,16.30046165656405,2.819329915902762,19.119791572466813,14.745610093170148,Numerical intensity-index transfer between Microsoft renewable and grid endpoints; eGRID and GaBi boundaries differ
2023,HI,HI,9158617.733,632.6161474753626,632.6162065916001,628.2849076716288,"AR5 GWP100 (CH4=28; N2O=265), reconstructed","eGRID2023 ST23!STCO2AN, STCH4AN, STN2OAN and STNGENAN",Air-cooled,1.2076541886564849,39.9771711494823,3.5104211643502636,43.487592313832565,8.07223618869713,Numerical intensity-index transfer between Microsoft renewable and grid endpoints; eGRID and GaBi boundaries differ
2023,HI,HI,9158617.733,632.6161474753626,632.6162065916001,628.2849076716288,"AR5 GWP100 (CH4=28; N2O=265), reconstructed","eGRID2023 ST23!STCO2AN, STCH4AN, STN2OAN and STNGENAN",Cold plate,1.2076541886564849,33.945832719538664,2.9474308328855217,36.89326355242419,7.989075915437281,Numerical intensity-index transfer between Microsoft renewable and grid endpoints; eGRID and GaBi boundaries differ
2023,HI,HI,9158617.733,632.6161474753626,632.6162065916001,628.2849076716288,"AR5 GWP100 (CH4=28; N2O=265), reconstructed","eGRID2023 ST23!STCO2AN, STCH4AN, STN2OAN and STNGENAN",One-phase,1.2076541886564849,33.277439699924784,3.049789121460012,36.32722882138479,8.39532554617733,Numerical intensity-index transfer between Microsoft renewable and grid endpoints; eGRID and GaBi boundaries differ
2023,HI,HI,9158617.733,632.6161474753626,632.6162065916001,628.2849076716288,"AR5 GWP100 (CH4=28; N2O=265), reconstructed","eGRID2023 ST23!STCO2AN, STCH4AN, STN2OAN and STNGENAN",Two-phase,1.2076541886564849,31.67756279127456,2.819329915902762,34.496892707177324,8.172706857496705,Numerical intensity-index transfer between Microsoft renewable and grid endpoints; eGRID and GaBi boundaries differ
2023,IA,IA,69819809.048,287.6484249519214,287.64832298972,285.848053121799,"AR5 GWP100 (CH4=28; N2O=265), reconstructed","eGRID2023 ST23!STCO2AN, STCH4AN, STN2OAN and STNGENAN",Air-cooled,0.5426694507648895,18.184620262787394,3.5104211643502636,21.695041427137657,16.180753450690286,Numerical intensity-index transfer between Microsoft renewable and grid endpoints; eGRID and GaBi boundaries differ
2023,IA,IA,69819809.048,287.6484249519214,287.64832298972,285.848053121799,"AR5 GWP100 (CH4=28; N2O=265), reconstructed","eGRID2023 ST23!STCO2AN, STCH4AN, STN2OAN and STNGENAN",Cold plate,0.5426694507648895,15.441114510097297,2.9474308328855217,18.38854534298282,16.02862422181904,Numerical intensity-index transfer between Microsoft renewable and grid endpoints; eGRID and GaBi boundaries differ
2023,IA,IA,69819809.048,287.6484249519214,287.64832298972,285.848053121799,"AR5 GWP100 (CH4=28; N2O=265), reconstructed","eGRID2023 ST23!STCO2AN, STCH4AN, STN2OAN and STNGENAN",One-phase,0.5426694507648895,15.137079159458594,3.049789121460012,18.186868280918606,16.769182436207586,Numerical intensity-index transfer between Microsoft renewable and grid endpoints; eGRID and GaBi boundaries differ
2023,IA,IA,69819809.048,287.6484249519214,287.64832298972,285.848053121799,"AR5 GWP100 (CH4=28; N2O=265), reconstructed","eGRID2023 ST23!STCO2AN, STCH4AN, STN2OAN and STNGENAN",Two-phase,0.5426694507648895,14.40933496910001,2.819329915902762,17.22866488500277,16.364181059421124,Numerical intensity-index transfer between Microsoft renewable and grid endpoints; eGRID and GaBi boundaries differ
2023,ID,ID,17842445.937,142.3736047555775,142.3735730956,142.10707960286683,"AR5 GWP100 (CH4=28; N2O=265), reconstructed","eGRID2023 ST23!STCO2AN, STCH4AN, STN2OAN and STNGENAN",Air-cooled,0.26262719775685656,9.007214073809385,3.5104211643502636,12.517635238159649,28.04380458098704,Numerical intensity-index transfer between Microsoft renewable and grid endpoints; eGRID and GaBi boundaries differ
2023,ID,ID,17842445.937,142.3736047555775,142.3735730956,142.10707960286683,"AR5 GWP100 (CH4=28; N2O=265), reconstructed","eGRID2023 ST23!STCO2AN, STCH4AN, STN2OAN and STNGENAN",Cold plate,0.26262719775685656,7.648299602673795,2.9474308328855217,10.595730435559316,27.817155700695547,Numerical intensity-index transfer between Microsoft renewable and grid endpoints; eGRID and GaBi boundaries differ
2023,ID,ID,17842445.937,142.3736047555775,142.3735730956,142.10707960286683,"AR5 GWP100 (CH4=28; N2O=265), reconstructed","eGRID2023 ST23!STCO2AN, STCH4AN, STN2OAN and STNGENAN",One-phase,0.26262719775685656,7.497704679621564,3.049789121460012,10.547493801081576,28.91482260124463,Numerical intensity-index transfer between Microsoft renewable and grid endpoints; eGRID and GaBi boundaries differ
2023,ID,ID,17842445.937,142.3736047555775,142.3735730956,142.10707960286683,"AR5 GWP100 (CH4=28; N2O=265), reconstructed","eGRID2023 ST23!STCO2AN, STCH4AN, STN2OAN and STNGENAN",Two-phase,0.26262719775685656,7.137238108485914,2.819329915902762,9.956568024388675,28.316282367546684,Numerical intensity-index transfer between Microsoft renewable and grid endpoints; eGRID and GaBi boundaries differ
2023,IL,IL,177690286.567,215.2004741174664,215.20054965332,213.9617723005444,"AR5 GWP100 (CH4=28; N2O=265), reconstructed","eGRID2023 ST23!STCO2AN, STCH4AN, STN2OAN and STNGENAN",Air-cooled,0.40301353964364084,13.607885826163841,3.5104211643502636,17.118306990514103,20.506824455803482,Numerical intensity-index transfer between Microsoft renewable and grid endpoints; eGRID and GaBi boundaries differ
2023,IL,IL,177690286.567,215.2004741174664,215.20054965332,213.9617723005444,"AR5 GWP100 (CH4=28; N2O=265), reconstructed","eGRID2023 ST23!STCO2AN, STCH4AN, STN2OAN and STNGENAN",Cold plate,0.40301353964364084,11.5548700080426,2.9474308328855217,14.502300840928122,20.32388422509715,Numerical intensity-index transfer between Microsoft renewable and grid endpoints; eGRID and GaBi boundaries differ
2023,IL,IL,177690286.567,215.2004741174664,215.20054965332,213.9617723005444,"AR5 GWP100 (CH4=28; N2O=265), reconstructed","eGRID2023 ST23!STCO2AN, STCH4AN, STN2OAN and STNGENAN",One-phase,0.40301353964364084,11.327354762806737,3.049789121460012,14.377143884266749,21.212760656846932,Numerical intensity-index transfer between Microsoft renewable and grid endpoints; eGRID and GaBi boundaries differ
2023,IL,IL,177690286.567,215.2004741174664,215.20054965332,213.9617723005444,"AR5 GWP100 (CH4=28; N2O=265), reconstructed","eGRID2023 ST23!STCO2AN, STCH4AN, STN2OAN and STNGENAN",Two-phase,0.40301353964364084,10.782770399210259,2.819329915902762,13.60210031511302,20.727166030162717,Numerical intensity-index transfer between Microsoft renewable and grid endpoints; eGRID and GaBi boundaries differ
2023,IN,IN,90031870.696,664.740405019609,664.74052541974,660.9703426556702,"AR5 GWP100 (CH4=28; N2O=265), reconstructed","eGRID2023 ST23!STCO2AN, STCH4AN, STN2OAN and STNGENAN",Air-cooled,1.2695792314597902,42.00654802019145,3.5104211643502636,45.516969184541715,7.7123350417243035,Numerical intensity-index transfer between Microsoft renewable and grid endpoints; eGRID and GaBi boundaries differ
2023,IN,IN,90031870.696,664.740405019609,664.74052541974,660.9703426556702,"AR5 GWP100 (CH4=28; N2O=265), reconstructed","eGRID2023 ST23!STCO2AN, STCH4AN, STN2OAN and STNGENAN",Cold plate,1.2695792314597902,35.6690383841017,2.9474308328855217,38.61646921698722,7.632574631108324,Numerical intensity-index transfer between Microsoft renewable and grid endpoints; eGRID and GaBi boundaries differ
2023,IN,IN,90031870.696,664.740405019609,664.74052541974,660.9703426556702,"AR5 GWP100 (CH4=28; N2O=265), reconstructed","eGRID2023 ST23!STCO2AN, STCH4AN, STN2OAN and STNGENAN",One-phase,1.2695792314597902,34.966715466609955,3.049789121460012,38.016504588069964,8.022276520438105,Numerical intensity-index transfer between Microsoft renewable and grid endpoints; eGRID and GaBi boundaries differ
2023,IN,IN,90031870.696,664.740405019609,664.74052541974,660.9703426556702,"AR5 GWP100 (CH4=28; N2O=265), reconstructed","eGRID2023 ST23!STCO2AN, STCH4AN, STN2OAN and STNGENAN",Two-phase,1.2695792314597902,33.2856233768691,2.819329915902762,36.10495329277186,7.808706725199354,Numerical intensity-index transfer between Microsoft renewable and grid endpoints; eGRID and GaBi boundaries differ
2023,KS,KS,58456598.044,332.6121161818401,332.61202744308,330.28767826718337,"AR5 GWP100 (CH4=28; N2O=265), reconstructed","eGRID2023 ST23!STCO2AN, STCH4AN, STN2OAN and STNGENAN",Air-cooled,0.62934471478219,21.025099140097595,3.5104211643502636,24.535520304447857,14.307506508080394,Numerical intensity-index transfer between Microsoft renewable and grid endpoints; eGRID and GaBi boundaries differ
2023,KS,KS,58456598.044,332.6121161818401,332.61202744308,330.28767826718337,"AR5 GWP100 (CH4=28; N2O=265), reconstructed","eGRID2023 ST23!STCO2AN, STCH4AN, STN2OAN and STNGENAN",Cold plate,0.62934471478219,17.853051574178522,2.9474308328855217,20.800482407064045,14.170011902630419,Numerical intensity-index transfer between Microsoft renewable and grid endpoints; eGRID and GaBi boundaries differ
2023,KS,KS,58456598.044,332.6121161818401,332.61202744308,330.28767826718337,"AR5 GWP100 (CH4=28; N2O=265), reconstructed","eGRID2023 ST23!STCO2AN, STCH4AN, STN2OAN and STNGENAN",One-phase,0.62934471478219,17.501525213061473,3.049789121460012,20.551314334521486,14.839873848540513,Numerical intensity-index transfer between Microsoft renewable and grid endpoints; eGRID and GaBi boundaries differ
2023,KS,KS,58456598.044,332.6121161818401,332.61202744308,330.28767826718337,"AR5 GWP100 (CH4=28; N2O=265), reconstructed","eGRID2023 ST23!STCO2AN, STCH4AN, STN2OAN and STNGENAN",Two-phase,0.62934471478219,16.660105731664288,2.819329915902762,19.47943564756705,14.47336548610376,Numerical intensity-index transfer between Microsoft renewable and grid endpoints; eGRID and GaBi boundaries differ
2023,KY,KY,62417958.511,792.4276370737498,792.42768475948,786.9867272081474,"AR5 GWP100 (CH4=28; N2O=265), reconstructed","eGRID2023 ST23!STCO2AN, STCH4AN, STN2OAN and STNGENAN",Air-cooled,1.5157183772282943,50.07289834933565,3.5104211643502636,53.583319513685915,6.55133201192146,Numerical intensity-index transfer between Microsoft renewable and grid endpoints; eGRID and GaBi boundaries differ
2023,KY,KY,62417958.511,792.4276370737498,792.42768475948,786.9867272081474,"AR5 GWP100 (CH4=28; N2O=265), reconstructed","eGRID2023 ST23!STCO2AN, STCH4AN, STN2OAN and STNGENAN",Cold plate,1.5157183772282943,42.51842194619675,2.9474308328855217,45.465852779082276,6.482735179755744,Numerical intensity-index transfer between Microsoft renewable and grid endpoints; eGRID and GaBi boundaries differ
2023,KY,KY,62417958.511,792.4276370737498,792.42768475948,786.9867272081474,"AR5 GWP100 (CH4=28; N2O=265), reconstructed","eGRID2023 ST23!STCO2AN, STCH4AN, STN2OAN and STNGENAN",One-phase,1.5157183772282943,41.68123475245093,3.049789121460012,44.73102387391094,6.818062403527454,Numerical intensity-index transfer between Microsoft renewable and grid endpoints; eGRID and GaBi boundaries differ
2023,KY,KY,62417958.511,792.4276370737498,792.42768475948,786.9867272081474,"AR5 GWP100 (CH4=28; N2O=265), reconstructed","eGRID2023 ST23!STCO2AN, STCH4AN, STN2OAN and STNGENAN",Two-phase,1.5157183772282943,39.677329235506186,2.819329915902762,42.49665915140895,6.634238954779787,Numerical intensity-index transfer between Microsoft renewable and grid endpoints; eGRID and GaBi boundaries differ
2023,LA,LA,97434806.41,346.12176904811423,346.12182259116,345.366998819146,"AR5 GWP100 (CH4=28; N2O=265), reconstructed","eGRID2023 ST23!STCO2AN, STCH4AN, STN2OAN and STNGENAN",Air-cooled,0.655386898974293,21.878540718330633,3.5104211643502636,25.388961882680896,13.82656439665184,Numerical intensity-index transfer between Microsoft renewable and grid endpoints; eGRID and GaBi boundaries differ
2023,LA,LA,97434806.41,346.12176904811423,346.12182259116,345.366998819146,"AR5 GWP100 (CH4=28; N2O=265), reconstructed","eGRID2023 ST23!STCO2AN, STCH4AN, STN2OAN and STNGENAN",Cold plate,0.655386898974293,18.5777347925651,2.9474308328855217,21.525165625450622,13.692953095796762,Numerical intensity-index transfer between Microsoft renewable and grid endpoints; eGRID and GaBi boundaries differ
2023,LA,LA,97434806.41,346.12176904811423,346.12182259116,345.366998819146,"AR5 GWP100 (CH4=28; N2O=265), reconstructed","eGRID2023 ST23!STCO2AN, STCH4AN, STN2OAN and STNGENAN",One-phase,0.655386898974293,18.21193942798589,3.049789121460012,21.261728549445902,14.344031880415912,Numerical intensity-index transfer between Microsoft renewable and grid endpoints; eGRID and GaBi boundaries differ
2023,LA,LA,97434806.41,346.12176904811423,346.12182259116,345.366998819146,"AR5 GWP100 (CH4=28; N2O=265), reconstructed","eGRID2023 ST23!STCO2AN, STCH4AN, STN2OAN and STNGENAN",Two-phase,0.655386898974293,17.336365417025036,2.819329915902762,20.1556953329278,13.987758146437653,Numerical intensity-index transfer between Microsoft renewable and grid endpoints; eGRID and GaBi boundaries differ
2023,MA,MA,19663313.081,376.52751450250565,376.52747992937003,373.0300521233588,"AR5 GWP100 (CH4=28; N2O=265), reconstructed","eGRID2023 ST23!STCO2AN, STCH4AN, STN2OAN and STNGENAN",Air-cooled,0.7139992135510955,23.79935449828563,3.5104211643502636,27.309775662635893,12.854082756721713,Numerical intensity-index transfer between Microsoft renewable and grid endpoints; eGRID and GaBi boundaries differ
2023,MA,MA,19663313.081,376.52751450250565,376.52747992937003,373.0300521233588,"AR5 GWP100 (CH4=28; N2O=265), reconstructed","eGRID2023 ST23!STCO2AN, STCH4AN, STN2OAN and STNGENAN",Cold plate,0.7139992135510955,20.20875623267471,2.9474308328855217,23.156187065560232,12.728480835556821,Numerical intensity-index transfer between Microsoft renewable and grid endpoints; eGRID and GaBi boundaries differ
2023,MA,MA,19663313.081,376.52751450250565,376.52747992937003,373.0300521233588,"AR5 GWP100 (CH4=28; N2O=265), reconstructed","eGRID2023 ST23!STCO2AN, STCH4AN, STN2OAN and STNGENAN",One-phase,0.7139992135510955,19.810846076438548,3.049789121460012,22.86063519789856,13.340789068452308,Numerical intensity-index transfer between Microsoft renewable and grid endpoints; eGRID and GaBi boundaries differ
2023,MA,MA,19663313.081,376.52751450250565,376.52747992937003,373.0300521233588,"AR5 GWP100 (CH4=28; N2O=265), reconstructed","eGRID2023 ST23!STCO2AN, STCH4AN, STN2OAN and STNGENAN",Two-phase,0.7139992135510955,18.85840155353285,2.819329915902762,21.677731469435614,13.005650152451878,Numerical intensity-index transfer between Microsoft renewable and grid endpoints; eGRID and GaBi boundaries differ
2023,MD,MD,35987133.297,236.8693146507776,236.86911076059002,235.87811164417764,"AR5 GWP100 (CH4=28; N2O=265), reconstructed","eGRID2023 ST23!STCO2AN, STCH4AN, STN2OAN and STNGENAN",Air-cooled,0.44478396424178446,14.976765518801674,3.5104211643502636,18.487186683151936,18.988401126221337,Numerical intensity-index transfer between Microsoft renewable and grid endpoints; eGRID and GaBi boundaries differ
2023,MD,MD,35987133.297,236.8693146507776,236.86911076059002,235.87811164417764,"AR5 GWP100 (CH4=28; N2O=265), reconstructed","eGRID2023 ST23!STCO2AN, STCH4AN, STN2OAN and STNGENAN",Cold plate,0.44478396424178446,12.717227416617249,2.9474308328855217,15.66465824950277,18.815800421174714,Numerical intensity-index transfer between Microsoft renewable and grid endpoints; eGRID and GaBi boundaries differ
2023,MD,MD,35987133.297,236.8693146507776,236.86911076059002,235.87811164417764,"AR5 GWP100 (CH4=28; N2O=265), reconstructed","eGRID2023 ST23!STCO2AN, STCH4AN, STN2OAN and STNGENAN",One-phase,0.44478396424178446,12.466825368615146,3.049789121460012,15.516614490075158,19.654990612873306,Numerical intensity-index transfer between Microsoft renewable and grid endpoints; eGRID and GaBi boundaries differ
2023,MD,MD,35987133.297,236.8693146507776,236.86911076059002,235.87811164417764,"AR5 GWP100 (CH4=28; N2O=265), reconstructed","eGRID2023 ST23!STCO2AN, STCH4AN, STN2OAN and STNGENAN",Two-phase,0.44478396424178446,11.867458764354804,2.819329915902762,14.686788680257566,19.196367410750533,Numerical intensity-index transfer between Microsoft renewable and grid endpoints; eGRID and GaBi boundaries differ
2023,ME,ME,12512180.99,143.71377092109228,143.71393854895,141.44076709567338,"AR5 GWP100 (CH4=28; N2O=265), reconstructed","eGRID2023 ST23!STCO2AN, STCH4AN, STN2OAN and STNGENAN",Air-cooled,0.2652105990089707,9.0918760217301,3.5104211643502636,12.602297186080364,27.855406935075575,Numerical intensity-index transfer between Microsoft renewable and grid endpoints; eGRID and GaBi boundaries differ
2023,ME,ME,12512180.99,143.71377092109228,143.71393854895,141.44076709567338,"AR5 GWP100 (CH4=28; N2O=265), reconstructed","eGRID2023 ST23!STCO2AN, STCH4AN, STN2OAN and STNGENAN",Cold plate,0.2652105990089707,7.720188639321255,2.9474308328855217,10.667619472206777,27.6296960213542,Numerical intensity-index transfer between Microsoft renewable and grid endpoints; eGRID and GaBi boundaries differ
2023,ME,ME,12512180.99,143.71377092109228,143.71393854895,141.44076709567338,"AR5 GWP100 (CH4=28; N2O=265), reconstructed","eGRID2023 ST23!STCO2AN, STCH4AN, STN2OAN and STNGENAN",One-phase,0.2652105990089707,7.568178222040943,3.049789121460012,10.617967343500954,28.722909223550463,Numerical intensity-index transfer between Microsoft renewable and grid endpoints; eGRID and GaBi boundaries differ
2023,ME,ME,12512180.99,143.71377092109228,143.71393854895,141.44076709567338,"AR5 GWP100 (CH4=28; N2O=265), reconstructed","eGRID2023 ST23!STCO2AN, STCH4AN, STN2OAN and STNGENAN",Two-phase,0.2652105990089707,7.204323499827437,2.819329915902762,10.023653415730198,28.126769741243898,Numerical intensity-index transfer between Microsoft renewable and grid endpoints; eGRID and GaBi boundaries differ
2023,MI,MI,120648501.215,361.70897606538057,361.70907079384,359.7763209944085,"AR5 GWP100 (CH4=28; N2O=265), reconstructed","eGRID2023 ST23!STCO2AN, STCH4AN, STN2OAN and STNGENAN",Air-cooled,0.6854339268440803,22.863227052519893,3.5104211643502636,26.373648216870155,13.310335890901849,Numerical intensity-index transfer between Microsoft renewable and grid endpoints; eGRID and GaBi boundaries differ
2023,MI,MI,120648501.215,361.70897606538057,361.70907079384,359.7763209944085,"AR5 GWP100 (CH4=28; N2O=265), reconstructed","eGRID2023 ST23!STCO2AN, STCH4AN, STN2OAN and STNGENAN",Cold plate,0.6854339268440803,19.413861927639715,2.9474308328855217,22.361292760525238,13.180950066038536,Numerical intensity-index transfer between Microsoft renewable and grid endpoints; eGRID and GaBi boundaries differ
2023,MI,MI,120648501.215,361.70897606538057,361.70907079384,359.7763209944085,"AR5 GWP100 (CH4=28; N2O=265), reconstructed","eGRID2023 ST23!STCO2AN, STCH4AN, STN2OAN and STNGENAN",One-phase,0.6854339268440803,19.031603230279398,3.049789121460012,22.08139235173941,13.811579781198768,Numerical intensity-index transfer between Microsoft renewable and grid endpoints; eGRID and GaBi boundaries differ
2023,MI,MI,120648501.215,361.70897606538057,361.70907079384,359.7763209944085,"AR5 GWP100 (CH4=28; N2O=265), reconstructed","eGRID2023 ST23!STCO2AN, STCH4AN, STN2OAN and STNGENAN",Two-phase,0.6854339268440803,18.11662230574674,2.819329915902762,20.935952221649504,13.466451805269893,Numerical intensity-index transfer between Microsoft renewable and grid endpoints; eGRID and GaBi boundaries differ
2023,MN,MN,57260118.977,341.25081216715995,341.25069412973,339.0806347455495,"AR5 GWP100 (CH4=28; N2O=265), reconstructed","eGRID2023 ST23!STCO2AN, STCH4AN, STN2OAN and STNGENAN",Air-cooled,0.6459972901115608,21.57082910137528,3.5104211643502636,25.081250265725544,13.996196868811536,Numerical intensity-index transfer between Microsoft renewable and grid endpoints; eGRID and GaBi boundaries differ
2023,MN,MN,57260118.977,341.25081216715995,341.25069412973,339.0806347455495,"AR5 GWP100 (CH4=28; N2O=265), reconstructed","eGRID2023 ST23!STCO2AN, STCH4AN, STN2OAN and STNGENAN",Cold plate,0.6459972901115608,18.31644749347214,2.9474308328855217,21.263878326357663,13.861210018456655,Numerical intensity-index transfer between Microsoft renewable and grid endpoints; eGRID and GaBi boundaries differ
2023,MN,MN,57260118.977,341.25081216715995,341.25069412973,339.0806347455495,"AR5 GWP100 (CH4=28; N2O=265), reconstructed","eGRID2023 ST23!STCO2AN, STCH4AN, STN2OAN and STNGENAN",One-phase,0.6459972901115608,17.955796872528197,3.049789121460012,21.00558599398821,14.518943305522923,Numerical intensity-index transfer between Microsoft renewable and grid endpoints; eGRID and GaBi boundaries differ
2023,MN,MN,57260118.977,341.25081216715995,341.25069412973,339.0806347455495,"AR5 GWP100 (CH4=28; N2O=265), reconstructed","eGRID2023 ST23!STCO2AN, STCH4AN, STN2OAN and STNGENAN",Two-phase,0.6459972901115608,17.092537407502803,2.819329915902762,19.911867323405566,14.159043298710401,Numerical intensity-index transfer between Microsoft renewable and grid endpoints; eGRID and GaBi boundaries differ
2023,MO,MO,66705178.956,659.7920708036113,659.7922862554101,655.0493897548647,"AR5 GWP100 (CH4=28; N2O=265), reconstructed","eGRID2023 ST23!STCO2AN, STCH4AN, STN2OAN and STNGENAN",Air-cooled,1.2600404644483296,41.69394826616902,3.5104211643502636,45.204369430519286,7.765667807281119,Numerical intensity-index transfer between Microsoft renewable and grid endpoints; eGRID and GaBi boundaries differ
2023,MO,MO,66705178.956,659.7920708036113,659.7922862554101,655.0493897548647,"AR5 GWP100 (CH4=28; N2O=265), reconstructed","eGRID2023 ST23!STCO2AN, STCH4AN, STN2OAN and STNGENAN",Cold plate,1.2600404644483296,35.4036004190557,2.9474308328855217,38.35103125194122,7.685401765399283,Numerical intensity-index transfer between Microsoft renewable and grid endpoints; eGRID and GaBi boundaries differ
2023,MO,MO,66705178.956,659.7920708036113,659.7922862554101,655.0493897548647,"AR5 GWP100 (CH4=28; N2O=265), reconstructed","eGRID2023 ST23!STCO2AN, STCH4AN, STN2OAN and STNGENAN",One-phase,1.2600404644483296,34.70650397175966,3.049789121460012,37.75629309321967,8.077565013943854,Numerical intensity-index transfer between Microsoft renewable and grid endpoints; eGRID and GaBi boundaries differ
2023,MO,MO,66705178.956,659.7920708036113,659.7922862554101,655.0493897548647,"AR5 GWP100 (CH4=28; N2O=265), reconstructed","eGRID2023 ST23!STCO2AN, STCH4AN, STN2OAN and STNGENAN",Two-phase,1.2600404644483296,33.03792205004045,2.819329915902762,35.85725196594321,7.862649147180959,Numerical intensity-index transfer between Microsoft renewable and grid endpoints; eGRID and GaBi boundaries differ
2023,MS,MS,72933440.201,375.6985762929853,375.69876666938,374.8190292570256,"AR5 GWP100 (CH4=28; N2O=265), reconstructed","eGRID2023 ST23!STCO2AN, STCH4AN, STN2OAN and STNGENAN",Air-cooled,0.7124012922906542,23.746988213171317,3.5104211643502636,27.25740937752158,12.878777714089033,Numerical intensity-index transfer between Microsoft renewable and grid endpoints; eGRID and GaBi boundaries differ
2023,MS,MS,72933440.201,375.6985762929853,375.69876666938,374.8190292570256,"AR5 GWP100 (CH4=28; N2O=265), reconstructed","eGRID2023 ST23!STCO2AN, STCH4AN, STN2OAN and STNGENAN",Cold plate,0.7124012922906542,20.16429042622764,2.9474308328855217,23.111721259113164,12.752969801949833,Numerical intensity-index transfer between Microsoft renewable and grid endpoints; eGRID and GaBi boundaries differ
2023,MS,MS,72933440.201,375.6985762929853,375.69876666938,374.8190292570256,"AR5 GWP100 (CH4=28; N2O=265), reconstructed","eGRID2023 ST23!STCO2AN, STCH4AN, STN2OAN and STNGENAN",One-phase,0.7124012922906542,19.76725580116157,3.049789121460012,22.817044922621584,13.366275658406353,Numerical intensity-index transfer between Microsoft renewable and grid endpoints; eGRID and GaBi boundaries differ
2023,MS,MS,72933440.201,375.6985762929853,375.69876666938,374.8190292570256,"AR5 GWP100 (CH4=28; N2O=265), reconstructed","eGRID2023 ST23!STCO2AN, STCH4AN, STN2OAN and STNGENAN",Two-phase,0.7124012922906542,18.81690696456727,2.819329915902762,21.636236880470033,13.030592757318313,Numerical intensity-index transfer between Microsoft renewable and grid endpoints; eGRID and GaBi boundaries differ
2023,MT,MT,26895758.013,482.5866649006598,482.5864478827701,479.0692345411206,"AR5 GWP100 (CH4=28; N2O=265), reconstructed","eGRID2023 ST23!STCO2AN, STCH4AN, STN2OAN and STNGENAN",Air-cooled,0.9184465044820009,30.499399984119005,3.5104211643502636,34.00982114846927,10.321786606949745,Numerical intensity-index transfer between Microsoft renewable and grid endpoints; eGRID and GaBi boundaries differ
2023,MT,MT,26895758.013,482.5866649006598,482.5864478827701,479.0692345411206,"AR5 GWP100 (CH4=28; N2O=265), reconstructed","eGRID2023 ST23!STCO2AN, STCH4AN, STN2OAN and STNGENAN",Cold plate,0.9184465044820009,25.89796876912366,2.9474308328855217,28.845399602009184,10.218027392763949,Numerical intensity-index transfer between Microsoft renewable and grid endpoints; eGRID and GaBi boundaries differ
2023,MT,MT,26895758.013,482.5866649006598,482.5864478827701,479.0692345411206,"AR5 GWP100 (CH4=28; N2O=265), reconstructed","eGRID2023 ST23!STCO2AN, STCH4AN, STN2OAN and STNGENAN",One-phase,0.9184465044820009,25.388038089547276,3.049789121460012,28.43782721100729,10.724409775862007,Numerical intensity-index transfer between Microsoft renewable and grid endpoints; eGRID and GaBi boundaries differ
2023,MT,MT,26895758.013,482.5866649006598,482.5864478827701,479.0692345411206,"AR5 GWP100 (CH4=28; N2O=265), reconstructed","eGRID2023 ST23!STCO2AN, STCH4AN, STN2OAN and STNGENAN",Two-phase,0.9184465044820009,24.167459335242125,2.819329915902762,26.986789251144888,10.447074269063537,Numerical intensity-index transfer between Microsoft renewable and grid endpoints; eGRID and GaBi boundaries differ
2023,NC,NC,126510680.084,284.1474502846105,284.14749707806,283.02275002556416,"AR5 GWP100 (CH4=28; N2O=265), reconstructed","eGRID2023 ST23!STCO2AN, STCH4AN, STN2OAN and STNGENAN",Air-cooled,0.5359207187256226,17.963454154746028,3.5104211643502636,21.47387531909629,16.34740405346638,Numerical intensity-index transfer between Microsoft renewable and grid endpoints; eGRID and GaBi boundaries differ
2023,NC,NC,126510680.084,284.1474502846105,284.14749707806,283.02275002556416,"AR5 GWP100 (CH4=28; N2O=265), reconstructed","eGRID2023 ST23!STCO2AN, STCH4AN, STN2OAN and STNGENAN",Cold plate,0.5359207187256226,15.253315636616955,2.9474308328855217,18.200746469502477,16.194010711727092,Numerical intensity-index transfer between Microsoft renewable and grid endpoints; eGRID and GaBi boundaries differ
2023,NC,NC,126510680.084,284.1474502846105,284.14749707806,283.02275002556416,"AR5 GWP100 (CH4=28; N2O=265), reconstructed","eGRID2023 ST23!STCO2AN, STCH4AN, STN2OAN and STNGENAN",One-phase,0.5359207187256226,14.952978043436811,3.049789121460012,18.002767164896824,16.940668584586955,Numerical intensity-index transfer between Microsoft renewable and grid endpoints; eGRID and GaBi boundaries differ
2023,NC,NC,126510680.084,284.1474502846105,284.14749707806,283.02275002556416,"AR5 GWP100 (CH4=28; N2O=265), reconstructed","eGRID2023 ST23!STCO2AN, STCH4AN, STN2OAN and STNGENAN",Two-phase,0.5359207187256226,14.23408486827158,2.819329915902762,17.053414784174343,16.532348222240593,Numerical intensity-index transfer between Microsoft renewable and grid endpoints; eGRID and GaBi boundaries differ
2023,ND,ND,42068807.125,588.6959149643503,588.6957645892401,584.3921148495326,"AR5 GWP100 (CH4=28; N2O=265), reconstructed","eGRID2023 ST23!STCO2AN, STCH4AN, STN2OAN and STNGENAN",Air-cooled,1.122990371152548,37.20261040231945,3.5104211643502636,40.71303156666971,8.622352670057904,Numerical intensity-index transfer between Microsoft renewable and grid endpoints; eGRID and GaBi boundaries differ
2023,ND,ND,42068807.125,588.6959149643503,588.6957645892401,584.3921148495326,"AR5 GWP100 (CH4=28; N2O=265), reconstructed","eGRID2023 ST23!STCO2AN, STCH4AN, STN2OAN and STNGENAN",Cold plate,1.122990371152548,31.589868745969515,2.9474308328855217,34.537299578855034,8.534051210796004,Numerical intensity-index transfer between Microsoft renewable and grid endpoints; eGRID and GaBi boundaries differ
2023,ND,ND,42068807.125,588.6959149643503,588.6957645892401,584.3921148495326,"AR5 GWP100 (CH4=28; N2O=265), reconstructed","eGRID2023 ST23!STCO2AN, STCH4AN, STN2OAN and STNGENAN",One-phase,1.122990371152548,30.967864627385275,3.049789121460012,34.017653748845284,8.965312963606538,Numerical intensity-index transfer between Microsoft renewable and grid endpoints; eGRID and GaBi boundaries differ
2023,ND,ND,42068807.125,588.6959149643503,588.6957645892401,584.3921148495326,"AR5 GWP100 (CH4=28; N2O=265), reconstructed","eGRID2023 ST23!STCO2AN, STCH4AN, STN2OAN and STNGENAN",Two-phase,1.122990371152548,29.47902498183791,2.819329915902762,32.29835489774067,8.72902017712357,Numerical intensity-index transfer between Microsoft renewable and grid endpoints; eGRID and GaBi boundaries differ
2023,NE,NE,39445955.006,465.30509326119716,465.30503217814,461.8270178349173,"AR5 GWP100 (CH4=28; N2O=265), reconstructed","eGRID2023 ST23!STCO2AN, STCH4AN, STN2OAN and STNGENAN",Air-cooled,0.885133296791267,29.407676020496694,3.5104211643502636,32.91809718484696,10.664107176784812,Numerical intensity-index transfer between Microsoft renewable and grid endpoints; eGRID and GaBi boundaries differ
2023,NE,NE,39445955.006,465.30509326119716,465.30503217814,461.8270178349173,"AR5 GWP100 (CH4=28; N2O=265), reconstructed","eGRID2023 ST23!STCO2AN, STCH4AN, STN2OAN and STNGENAN",Cold plate,0.885133296791267,24.970952725230454,2.9474308328855217,27.918383558115977,10.557311911522516,Numerical intensity-index transfer between Microsoft renewable and grid endpoints; eGRID and GaBi boundaries differ
2023,NE,NE,39445955.006,465.30509326119716,465.30503217814,461.8270178349173,"AR5 GWP100 (CH4=28; N2O=265), reconstructed","eGRID2023 ST23!STCO2AN, STCH4AN, STN2OAN and STNGENAN",One-phase,0.885133296791267,24.47927497990752,3.049789121460012,27.52906410136753,11.078433724554081,Numerical intensity-index transfer between Microsoft renewable and grid endpoints; eGRID and GaBi boundaries differ
2023,NE,NE,39445955.006,465.30509326119716,465.30503217814,461.8270178349173,"AR5 GWP100 (CH4=28; N2O=265), reconstructed","eGRID2023 ST23!STCO2AN, STCH4AN, STN2OAN and STNGENAN",Two-phase,0.885133296791267,23.302386759719663,2.819329915902762,26.121716675622427,10.793049901401945,Numerical intensity-index transfer between Microsoft renewable and grid endpoints; eGRID and GaBi boundaries differ
2023,NH,NH,16824998.889,125.29213065101831,125.29219162614,123.76447055584076,"AR5 GWP100 (CH4=28; N2O=265), reconstructed","eGRID2023 ST23!STCO2AN, STCH4AN, STN2OAN and STNGENAN",Air-cooled,0.22969971255003255,7.928130816627046,3.5104211643502636,11.43855198097731,30.68938419992504,Numerical intensity-index transfer between Microsoft renewable and grid endpoints; eGRID and GaBi boundaries differ
2023,NH,NH,16824998.889,125.29213065101831,125.29219162614,123.76447055584076,"AR5 GWP100 (CH4=28; N2O=265), reconstructed","eGRID2023 ST23!STCO2AN, STCH4AN, STN2OAN and STNGENAN",Cold plate,0.22969971255003255,6.732017167335923,2.9474308328855217,9.679448000221445,30.45040205617191,Numerical intensity-index transfer between Microsoft renewable and grid endpoints; eGRID and GaBi boundaries differ
2023,NH,NH,16824998.889,125.29213065101831,125.29219162614,123.76447055584076,"AR5 GWP100 (CH4=28; N2O=265), reconstructed","eGRID2023 ST23!STCO2AN, STCH4AN, STN2OAN and STNGENAN",One-phase,0.22969971255003255,6.599463833919587,3.049789121460012,9.649252955379598,31.606479129140354,Numerical intensity-index transfer between Microsoft renewable and grid endpoints; eGRID and GaBi boundaries differ
2023,NH,NH,16824998.889,125.29213065101831,125.29219162614,123.76447055584076,"AR5 GWP100 (CH4=28; N2O=265), reconstructed","eGRID2023 ST23!STCO2AN, STCH4AN, STN2OAN and STNGENAN",Two-phase,0.22969971255003255,6.2821819188273,2.819329915902762,9.101511834730061,30.976501125281228,Numerical intensity-index transfer between Microsoft renewable and grid endpoints; eGRID and GaBi boundaries differ
2023,NJ,NJ,64195046.033,213.2645617812463,213.26461741816001,212.42169675979451,"AR5 GWP100 (CH4=28; N2O=265), reconstructed","eGRID2023 ST23!STCO2AN, STCH4AN, STN2OAN and STNGENAN",Air-cooled,0.39928173497488684,13.48558896954593,3.5104211643502636,16.996010133896192,20.654383803579957,Numerical intensity-index transfer between Microsoft renewable and grid endpoints; eGRID and GaBi boundaries differ
2023,NJ,NJ,64195046.033,213.2645617812463,213.26461741816001,212.42169675979451,"AR5 GWP100 (CH4=28; N2O=265), reconstructed","eGRID2023 ST23!STCO2AN, STCH4AN, STN2OAN and STNGENAN",Cold plate,0.39928173497488684,11.451024025010089,2.9474308328855217,14.39845485789561,20.47046618526052,Numerical intensity-index transfer between Microsoft renewable and grid endpoints; eGRID and GaBi boundaries differ
2023,NJ,NJ,64195046.033,213.2645617812463,213.26461741816001,212.42169675979451,"AR5 GWP100 (CH4=28; N2O=265), reconstructed","eGRID2023 ST23!STCO2AN, STCH4AN, STN2OAN and STNGENAN",One-phase,0.39928173497488684,11.22555350587499,3.049789121460012,14.275342627335002,21.364034482928293,Numerical intensity-index transfer between Microsoft renewable and grid endpoints; eGRID and GaBi boundaries differ
2023,NJ,NJ,64195046.033,213.2645617812463,213.26461741816001,212.42169675979451,"AR5 GWP100 (CH4=28; N2O=265), reconstructed","eGRID2023 ST23!STCO2AN, STCH4AN, STN2OAN and STNGENAN",Two-phase,0.39928173497488684,10.685863433477154,2.819329915902762,13.505193349379915,20.875894501963646,Numerical intensity-index transfer between Microsoft renewable and grid endpoints; eGRID and GaBi boundaries differ
2023,NM,NM,39258858.763,350.9159352142669,350.91584034969,349.36313089162246,"AR5 GWP100 (CH4=28; N2O=265), reconstructed","eGRID2023 ST23!STCO2AN, STCH4AN, STN2OAN and STNGENAN",Air-cooled,0.6646284804999127,22.181401256617814,3.5104211643502636,25.691822420968077,13.663573984091043,Numerical intensity-index transfer between Microsoft renewable and grid endpoints; eGRID and GaBi boundaries differ
2023,NM,NM,39258858.763,350.9159352142669,350.91584034969,349.36313089162246,"AR5 GWP100 (CH4=28; N2O=265), reconstructed","eGRID2023 ST23!STCO2AN, STCH4AN, STN2OAN and STNGENAN",Cold plate,0.6646284804999127,18.834902893119384,2.9474308328855217,21.782333726004907,13.531290402399454,Numerical intensity-index transfer between Microsoft renewable and grid endpoints; eGRID and GaBi boundaries differ
2023,NM,NM,39258858.763,350.9159352142669,350.91584034969,349.36313089162246,"AR5 GWP100 (CH4=28; N2O=265), reconstructed","eGRID2023 ST23!STCO2AN, STCH4AN, STN2OAN and STNGENAN",One-phase,0.6646284804999127,18.46404389187237,3.049789121460012,21.513833013332384,14.175944935381901,Numerical intensity-index transfer between Microsoft renewable and grid endpoints; eGRID and GaBi boundaries differ
2023,NM,NM,39258858.763,350.9159352142669,350.91584034969,349.36313089162246,"AR5 GWP100 (CH4=28; N2O=265), reconstructed","eGRID2023 ST23!STCO2AN, STCH4AN, STN2OAN and STNGENAN",Two-phase,0.6646284804999127,17.576349473993897,2.819329915902762,20.39567938989666,13.823172359236848,Numerical intensity-index transfer between Microsoft renewable and grid endpoints; eGRID and GaBi boundaries differ
2023,NV,NV,42162355.474,292.0497350515941,292.04952975583,291.37397291695663,"AR5 GWP100 (CH4=28; N2O=265), reconstructed","eGRID2023 ST23!STCO2AN, STCH4AN, STN2OAN and STNGENAN",Air-cooled,0.5511537345164268,18.462663013029697,3.5104211643502636,21.97308417737996,15.976005625846746,Numerical intensity-index transfer between Microsoft renewable and grid endpoints; eGRID and GaBi boundaries differ
2023,NV,NV,42162355.474,292.0497350515941,292.04952975583,291.37397291695663,"AR5 GWP100 (CH4=28; N2O=265), reconstructed","eGRID2023 ST23!STCO2AN, STCH4AN, STN2OAN and STNGENAN",Cold plate,0.5511537345164268,15.677209071498694,2.9474308328855217,18.624639904384217,15.825437957550523,Numerical intensity-index transfer between Microsoft renewable and grid endpoints; eGRID and GaBi boundaries differ
2023,NV,NV,42162355.474,292.0497350515941,292.04952975583,291.37397291695663,"AR5 GWP100 (CH4=28; N2O=265), reconstructed","eGRID2023 ST23!STCO2AN, STCH4AN, STN2OAN and STNGENAN",One-phase,0.5511537345164268,15.368525021913253,3.049789121460012,18.418314143373266,16.558459681595217,Numerical intensity-index transfer between Microsoft renewable and grid endpoints; eGRID and GaBi boundaries differ
2023,NV,NV,42162355.474,292.0497350515941,292.04952975583,291.37397291695663,"AR5 GWP100 (CH4=28; N2O=265), reconstructed","eGRID2023 ST23!STCO2AN, STCH4AN, STN2OAN and STNGENAN",Two-phase,0.5511537345164268,14.629653626628965,2.819329915902762,17.448983542531728,16.157559602429977,Numerical intensity-index transfer between Microsoft renewable and grid endpoints; eGRID and GaBi boundaries differ
2023,NY,NY,123473720.157,211.65363436218823,211.65345731992,210.98200217311117,"AR5 GWP100 (CH4=28; N2O=265), reconstructed","eGRID2023 ST23!STCO2AN, STCH4AN, STN2OAN and STNGENAN",Air-cooled,0.3961763947427962,13.383822295557438,3.5104211643502636,16.894243459907702,20.778800617387585,Numerical intensity-index transfer between Microsoft renewable and grid endpoints; eGRID and GaBi boundaries differ
2023,NY,NY,123473720.157,211.65363436218823,211.65345731992,210.98200217311117,"AR5 GWP100 (CH4=28; N2O=265), reconstructed","eGRID2023 ST23!STCO2AN, STCH4AN, STN2OAN and STNGENAN",Cold plate,0.3961763947427962,11.364610844879861,2.9474308328855217,14.312041677765382,20.594062672864716,Numerical intensity-index transfer between Microsoft renewable and grid endpoints; eGRID and GaBi boundaries differ
2023,NY,NY,123473720.157,211.65363436218823,211.65345731992,210.98200217311117,"AR5 GWP100 (CH4=28; N2O=265), reconstructed","eGRID2023 ST23!STCO2AN, STCH4AN, STN2OAN and STNGENAN",One-phase,0.3961763947427962,11.14084180017548,3.049789121460012,14.190630921635492,21.491568192434666,Numerical intensity-index transfer between Microsoft renewable and grid endpoints; eGRID and GaBi boundaries differ
2023,NY,NY,123473720.157,211.65363436218823,211.65345731992,210.98200217311117,"AR5 GWP100 (CH4=28; N2O=265), reconstructed","eGRID2023 ST23!STCO2AN, STCH4AN, STN2OAN and STNGENAN",Two-phase,0.3961763947427962,10.605224405936275,2.819329915902762,13.424554321839036,21.00129246984596,Numerical intensity-index transfer between Microsoft renewable and grid endpoints; eGRID and GaBi boundaries differ
2023,OH,OH,133121090.814,484.5589188675632,484.55912109990004,482.5511114256422,"AR5 GWP100 (CH4=28; N2O=265), reconstructed","eGRID2023 ST23!STCO2AN, STCH4AN, STN2OAN and STNGENAN",Air-cooled,0.922248363907118,30.623992640558935,3.5104211643502636,34.1344138049092,10.284111467135832,Numerical intensity-index transfer between Microsoft renewable and grid endpoints; eGRID and GaBi boundaries differ
2023,OH,OH,133121090.814,484.5589188675632,484.55912109990004,482.5511114256422,"AR5 GWP100 (CH4=28; N2O=265), reconstructed","eGRID2023 ST23!STCO2AN, STCH4AN, STN2OAN and STNGENAN",Cold plate,0.922248363907118,26.003764185657214,2.9474308328855217,28.951195018542737,10.180687985410424,Numerical intensity-index transfer between Microsoft renewable and grid endpoints; eGRID and GaBi boundaries differ
2023,OH,OH,133121090.814,484.5589188675632,484.55912109990004,482.5511114256422,"AR5 GWP100 (CH4=28; N2O=265), reconstructed","eGRID2023 ST23!STCO2AN, STCH4AN, STN2OAN and STNGENAN",One-phase,0.922248363907118,25.491750395658933,3.049789121460012,28.541539517118945,10.685440144638228,Numerical intensity-index transfer between Microsoft renewable and grid endpoints; eGRID and GaBi boundaries differ
2023,OH,OH,133121090.814,484.5589188675632,484.55912109990004,482.5511114256422,"AR5 GWP100 (CH4=28; N2O=265), reconstructed","eGRID2023 ST23!STCO2AN, STCH4AN, STN2OAN and STNGENAN",Two-phase,0.922248363907118,24.26618547279072,2.819329915902762,27.085515388693484,10.40899490167965,Numerical intensity-index transfer between Microsoft renewable and grid endpoints; eGRID and GaBi boundaries differ
2023,OK,OK,88878115.88,294.3061512874112,294.30615179657997,293.5679871938715,"AR5 GWP100 (CH4=28; N2O=265), reconstructed","eGRID2023 ST23!STCO2AN, STCH4AN, STN2OAN and STNGENAN",Air-cooled,0.5555033656882162,18.605206974189038,3.5104211643502636,22.1156281385393,15.873033957524848,Numerical intensity-index transfer between Microsoft renewable and grid endpoints; eGRID and GaBi boundaries differ
2023,OK,OK,88878115.88,294.3061512874112,294.30615179657997,293.5679871938715,"AR5 GWP100 (CH4=28; N2O=265), reconstructed","eGRID2023 ST23!STCO2AN, STCH4AN, STN2OAN and STNGENAN",Cold plate,0.5555033656882162,15.798247487213564,2.9474308328855217,18.745678320099085,15.723255155431165,Numerical intensity-index transfer between Microsoft renewable and grid endpoints; eGRID and GaBi boundaries differ
2023,OK,OK,88878115.88,294.3061512874112,294.30615179657997,293.5679871938715,"AR5 GWP100 (CH4=28; N2O=265), reconstructed","eGRID2023 ST23!STCO2AN, STCH4AN, STN2OAN and STNGENAN",One-phase,0.5555033656882162,15.487180192743917,3.049789121460012,18.53696931420393,16.45246895415161,Numerical intensity-index transfer between Microsoft renewable and grid endpoints; eGRID and GaBi boundaries differ
2023,OK,OK,88878115.88,294.3061512874112,294.30615179657997,293.5679871938715,"AR5 GWP100 (CH4=28; N2O=265), reconstructed","eGRID2023 ST23!STCO2AN, STCH4AN, STN2OAN and STNGENAN",Two-phase,0.5555033656882162,14.742604221938922,2.819329915902762,17.561934137841686,16.053641323183154,Numerical intensity-index transfer between Microsoft renewable and grid endpoints; eGRID and GaBi boundaries differ
2023,OR,OR,61683300.013,165.54455210628316,165.54443213231002,165.1811393282656,"AR5 GWP100 (CH4=28; N2O=265), reconstructed","eGRID2023 ST23!STCO2AN, STCH4AN, STN2OAN and STNGENAN",Air-cooled,0.30729319212292927,10.47098594654994,3.5104211643502636,13.981407110900204,25.10778161672629,Numerical intensity-index transfer between Microsoft renewable and grid endpoints; eGRID and GaBi boundaries differ
2023,OR,OR,61683300.013,165.54455210628316,165.54443213231002,165.1811393282656,"AR5 GWP100 (CH4=28; N2O=265), reconstructed","eGRID2023 ST23!STCO2AN, STCH4AN, STN2OAN and STNGENAN",Cold plate,0.30729319212292927,8.891232849396536,2.9474308328855217,11.838663682282057,24.896651446368022,Numerical intensity-index transfer between Microsoft renewable and grid endpoints; eGRID and GaBi boundaries differ
2023,OR,OR,61683300.013,165.54455210628316,165.54443213231002,165.1811393282656,"AR5 GWP100 (CH4=28; N2O=265), reconstructed","eGRID2023 ST23!STCO2AN, STCH4AN, STN2OAN and STNGENAN",One-phase,0.30729319212292927,8.716164586337616,3.049789121460012,11.765953707797628,25.920458274783375,Numerical intensity-index transfer between Microsoft renewable and grid endpoints; eGRID and GaBi boundaries differ
2023,OR,OR,61683300.013,165.54455210628316,165.54443213231002,165.1811393282656,"AR5 GWP100 (CH4=28; N2O=265), reconstructed","eGRID2023 ST23!STCO2AN, STCH4AN, STN2OAN and STNGENAN",Two-phase,0.30729319212292927,8.297118211994462,2.819329915902762,11.116448127897224,25.361787177574527,Numerical intensity-index transfer between Microsoft renewable and grid endpoints; eGRID and GaBi boundaries differ
2023,PA,PA,235912550.485,293.8693450623773,293.86934234427,292.91749904415985,"AR5 GWP100 (CH4=28; N2O=265), reconstructed","eGRID2023 ST23!STCO2AN, STCH4AN, STN2OAN and STNGENAN",Air-cooled,0.5546613464090246,18.577612734887335,3.5104211643502636,22.088033899237598,15.892863893474154,Numerical intensity-index transfer between Microsoft renewable and grid endpoints; eGRID and GaBi boundaries differ
2023,PA,PA,235912550.485,293.8693450623773,293.86934234427,292.91749904415985,"AR5 GWP100 (CH4=28; N2O=265), reconstructed","eGRID2023 ST23!STCO2AN, STCH4AN, STN2OAN and STNGENAN",Cold plate,0.5546613464090246,15.774816378797812,2.9474308328855217,18.722247211683335,15.742932990684055,Numerical intensity-index transfer between Microsoft renewable and grid endpoints; eGRID and GaBi boundaries differ
2023,PA,PA,235912550.485,293.8693450623773,293.86934234427,292.91749904415985,"AR5 GWP100 (CH4=28; N2O=265), reconstructed","eGRID2023 ST23!STCO2AN, STCH4AN, STN2OAN and STNGENAN",One-phase,0.5546613464090246,15.46421044255839,3.049789121460012,18.513999564018402,16.472881026675715,Numerical intensity-index transfer between Microsoft renewable and grid endpoints; eGRID and GaBi boundaries differ
2023,PA,PA,235912550.485,293.8693450623773,293.86934234427,292.91749904415985,"AR5 GWP100 (CH4=28; N2O=265), reconstructed","eGRID2023 ST23!STCO2AN, STCH4AN, STN2OAN and STNGENAN",Two-phase,0.5546613464090246,14.72073878666616,2.819329915902762,17.540068702568924,16.07365377930271,Numerical intensity-index transfer between Microsoft renewable and grid endpoints; eGRID and GaBi boundaries differ
2023,RI,RI,10416553.048,381.01956302652,381.01940516948,380.62560972169643,"AR5 GWP100 (CH4=28; N2O=265), reconstructed","eGRID2023 ST23!STCO2AN, STCH4AN, STN2OAN and STNGENAN",Air-cooled,0.7226584112536719,24.083129442007888,3.5104211643502636,27.59355060635815,12.721890033033251,Numerical intensity-index transfer between Microsoft renewable and grid endpoints; eGRID and GaBi boundaries differ
2023,RI,RI,10416553.048,381.01956302652,381.01940516948,380.62560972169643,"AR5 GWP100 (CH4=28; N2O=265), reconstructed","eGRID2023 ST23!STCO2AN, STCH4AN, STN2OAN and STNGENAN",Cold plate,0.7226584112536719,20.449718174018003,2.9474308328855217,23.397149006903526,12.59739309270483,Numerical intensity-index transfer between Microsoft renewable and grid endpoints; eGRID and GaBi boundaries differ
2023,RI,RI,10416553.048,381.01956302652,381.01940516948,380.62560972169643,"AR5 GWP100 (CH4=28; N2O=265), reconstructed","eGRID2023 ST23!STCO2AN, STCH4AN, STN2OAN and STNGENAN",One-phase,0.7226584112536719,20.047063480185216,3.049789121460012,23.096852601645228,13.204349415308517,Numerical intensity-index transfer between Microsoft renewable and grid endpoints; eGRID and GaBi boundaries differ
2023,RI,RI,10416553.048,381.01956302652,381.01940516948,380.62560972169643,"AR5 GWP100 (CH4=28; N2O=265), reconstructed","eGRID2023 ST23!STCO2AN, STCH4AN, STN2OAN and STNGENAN",Two-phase,0.7226584112536719,19.083262351330163,2.819329915902762,21.902592267232926,12.872128931152053,Numerical intensity-index transfer between Microsoft renewable and grid endpoints; eGRID and GaBi boundaries differ
2023,SC,SC,100853387.4,254.1761566398344,254.17638123031003,252.7295234581406,"AR5 GWP100 (CH4=28; N2O=265), reconstructed","eGRID2023 ST23!STCO2AN, STCH4AN, STN2OAN and STNGENAN",Air-cooled,0.4781458848865258,16.070085879256208,3.5104211643502636,19.58050704360647,17.928142292395357,Numerical intensity-index transfer between Microsoft renewable and grid endpoints; eGRID and GaBi boundaries differ
2023,SC,SC,100853387.4,254.1761566398344,254.17638123031003,252.7295234581406,"AR5 GWP100 (CH4=28; N2O=265), reconstructed","eGRID2023 ST23!STCO2AN, STCH4AN, STN2OAN and STNGENAN",Cold plate,0.4781458848865258,13.645599009646686,2.9474308328855217,16.593029842532207,17.763065943089536,Numerical intensity-index transfer between Microsoft renewable and grid endpoints; eGRID and GaBi boundaries differ
2023,SC,SC,100853387.4,254.1761566398344,254.17638123031003,252.7295234581406,"AR5 GWP100 (CH4=28; N2O=265), reconstructed","eGRID2023 ST23!STCO2AN, STCH4AN, STN2OAN and STNGENAN",One-phase,0.4781458848865258,13.376917336645679,3.049789121460012,16.42670645810569,18.56604139873155,Numerical intensity-index transfer between Microsoft renewable and grid endpoints; eGRID and GaBi boundaries differ
2023,SC,SC,100853387.4,254.1761566398344,254.17638123031003,252.7295234581406,"AR5 GWP100 (CH4=28; N2O=265), reconstructed","eGRID2023 ST23!STCO2AN, STCH4AN, STN2OAN and STNGENAN",Two-phase,0.4781458848865258,12.733796310845408,2.819329915902762,15.55312622674817,18.127094674086138,Numerical intensity-index transfer between Microsoft renewable and grid endpoints; eGRID and GaBi boundaries differ
2023,SD,SD,17405995.526,152.21764504303394,152.21743470934,151.51440402143524,"AR5 GWP100 (CH4=28; N2O=265), reconstructed","eGRID2023 ST23!STCO2AN, STCH4AN, STN2OAN and STNGENAN",Air-cooled,0.2816032819610931,9.6290889185798,3.5104211643502636,13.139510082930064,26.716530085172337,Numerical intensity-index transfer between Microsoft renewable and grid endpoints; eGRID and GaBi boundaries differ
2023,SD,SD,17405995.526,152.21764504303394,152.21743470934,151.51440402143524,"AR5 GWP100 (CH4=28; N2O=265), reconstructed","eGRID2023 ST23!STCO2AN, STCH4AN, STN2OAN and STNGENAN",Cold plate,0.2816032819610931,8.176352459994066,2.9474308328855217,11.123783292879587,26.496658153815286,Numerical intensity-index transfer between Microsoft renewable and grid endpoints; eGRID and GaBi boundaries differ
2023,SD,SD,17405995.526,152.21764504303394,152.21743470934,151.51440402143524,"AR5 GWP100 (CH4=28; N2O=265), reconstructed","eGRID2023 ST23!STCO2AN, STCH4AN, STN2OAN and STNGENAN",One-phase,0.2816032819610931,8.015360182817808,3.049789121460012,11.06514930427782,27.562114505594188,Numerical intensity-index transfer between Microsoft renewable and grid endpoints; eGRID and GaBi boundaries differ
2023,SD,SD,17405995.526,152.21764504303394,152.21743470934,151.51440402143524,"AR5 GWP100 (CH4=28; N2O=265), reconstructed","eGRID2023 ST23!STCO2AN, STCH4AN, STN2OAN and STNGENAN",Two-phase,0.2816032819610931,7.6300063278746455,2.819329915902762,10.449336243777408,26.980947403062814,Numerical intensity-index transfer between Microsoft renewable and grid endpoints; eGRID and GaBi boundaries differ
2023,TN,TN,77754006.807,299.89990487277237,299.89985290342,298.1312404476648,"AR5 GWP100 (CH4=28; N2O=265), reconstructed","eGRID2023 ST23!STCO2AN, STCH4AN, STN2OAN and STNGENAN",Air-cooled,0.5662862897675519,18.958579628201136,3.5104211643502636,22.469000792551398,15.623396860237719,Numerical intensity-index transfer between Microsoft renewable and grid endpoints; eGRID and GaBi boundaries differ
2023,TN,TN,77754006.807,299.89990487277237,299.89985290342,298.1312404476648,"AR5 GWP100 (CH4=28; N2O=265), reconstructed","eGRID2023 ST23!STCO2AN, STCH4AN, STN2OAN and STNGENAN",Cold plate,0.5662862897675519,16.09830696255514,2.9474308328855217,19.04573779544066,15.475540325831346,Numerical intensity-index transfer between Microsoft renewable and grid endpoints; eGRID and GaBi boundaries differ
2023,TN,TN,77754006.807,299.89990487277237,299.89985290342,298.1312404476648,"AR5 GWP100 (CH4=28; N2O=265), reconstructed","eGRID2023 ST23!STCO2AN, STCH4AN, STN2OAN and STNGENAN",One-phase,0.5662862897675519,15.781331500787187,3.049789121460012,18.831120622247198,16.19547334775697,Numerical intensity-index transfer between Microsoft renewable and grid endpoints; eGRID and GaBi boundaries differ
2023,TN,TN,77754006.807,299.89990487277237,299.89985290342,298.1312404476648,"AR5 GWP100 (CH4=28; N2O=265), reconstructed","eGRID2023 ST23!STCO2AN, STCH4AN, STN2OAN and STNGENAN",Two-phase,0.5662862897675519,15.02261364017242,2.819329915902762,17.841943556075183,15.801697315328518,Numerical intensity-index transfer between Microsoft renewable and grid endpoints; eGRID and GaBi boundaries differ
2023,TX,TX,544038647.008,349.80073139662716,349.80091030423,348.5027136359315,"AR5 GWP100 (CH4=28; N2O=265), reconstructed","eGRID2023 ST23!STCO2AN, STCH4AN, STN2OAN and STNGENAN",Air-cooled,0.6624787329439846,22.110950793115975,3.5104211643502636,25.621371957466238,13.70114438125279,Numerical intensity-index transfer between Microsoft renewable and grid endpoints; eGRID and GaBi boundaries differ
2023,TX,TX,544038647.008,349.80073139662716,349.80091030423,348.5027136359315,"AR5 GWP100 (CH4=28; N2O=265), reconstructed","eGRID2023 ST23!STCO2AN, STCH4AN, STN2OAN and STNGENAN",Cold plate,0.6624787329439846,18.775081260415433,2.9474308328855217,21.722512093300956,13.568554227181142,Numerical intensity-index transfer between Microsoft renewable and grid endpoints; eGRID and GaBi boundaries differ
2023,TX,TX,544038647.008,349.80073139662716,349.80091030423,348.5027136359315,"AR5 GWP100 (CH4=28; N2O=265), reconstructed","eGRID2023 ST23!STCO2AN, STCH4AN, STN2OAN and STNGENAN",One-phase,0.6624787329439846,18.405400146364517,3.049789121460012,21.45518926782453,14.214692228484116,Numerical intensity-index transfer between Microsoft renewable and grid endpoints; eGRID and GaBi boundaries differ
2023,TX,TX,544038647.008,349.80073139662716,349.80091030423,348.5027136359315,"AR5 GWP100 (CH4=28; N2O=265), reconstructed","eGRID2023 ST23!STCO2AN, STCH4AN, STN2OAN and STNGENAN",Two-phase,0.6624787329439846,17.520525139327766,2.819329915902762,20.33985505523053,13.861111144829678,Numerical intensity-index transfer between Microsoft renewable and grid endpoints; eGRID and GaBi boundaries differ
2023,UT,UT,32789440.038,644.6610352492104,644.66089838458,640.9347816104034,"AR5 GWP100 (CH4=28; N2O=265), reconstructed","eGRID2023 ST23!STCO2AN, STCH4AN, STN2OAN and STNGENAN",Air-cooled,1.230872785691115,40.73807952611534,3.5104211643502636,44.248500690465605,7.933423979508231,Numerical intensity-index transfer between Microsoft renewable and grid endpoints; eGRID and GaBi boundaries differ
2023,UT,UT,32789440.038,644.6610352492104,644.66089838458,640.9347816104034,"AR5 GWP100 (CH4=28; N2O=265), reconstructed","eGRID2023 ST23!STCO2AN, STCH4AN, STN2OAN and STNGENAN",Cold plate,1.230872785691115,34.591943180218806,2.9474308328855217,37.53937401310433,7.85157161080157,Numerical intensity-index transfer between Microsoft renewable and grid endpoints; eGRID and GaBi boundaries differ
2023,UT,UT,32789440.038,644.6610352492104,644.66089838458,640.9347816104034,"AR5 GWP100 (CH4=28; N2O=265), reconstructed","eGRID2023 ST23!STCO2AN, STCH4AN, STN2OAN and STNGENAN",One-phase,1.230872785691115,33.9108282537545,3.049789121460012,36.96061737521451,8.25145611205395,Numerical intensity-index transfer between Microsoft renewable and grid endpoints; eGRID and GaBi boundaries differ
2023,UT,UT,32789440.038,644.6610352492104,644.66089838458,640.9347816104034,"AR5 GWP100 (CH4=28; N2O=265), reconstructed","eGRID2023 ST23!STCO2AN, STCH4AN, STN2OAN and STNGENAN",Two-phase,1.230872785691115,32.280499972324,2.819329915902762,35.099829888226765,8.032317891228372,Numerical intensity-index transfer between Microsoft renewable and grid endpoints; eGRID and GaBi boundaries differ
2023,VA,VA,91024103.437,244.7579415008848,244.75798925963002,243.51164747744673,"AR5 GWP100 (CH4=28; N2O=265), reconstructed","eGRID2023 ST23!STCO2AN, STCH4AN, STN2OAN and STNGENAN",Air-cooled,0.45999065204396483,15.47511156926565,3.5104211643502636,18.985532733615912,18.48997978410523,Numerical intensity-index transfer between Microsoft renewable and grid endpoints; eGRID and GaBi boundaries differ
2023,VA,VA,91024103.437,244.7579415008848,244.75798925963002,243.51164747744673,"AR5 GWP100 (CH4=28; N2O=265), reconstructed","eGRID2023 ST23!STCO2AN, STCH4AN, STN2OAN and STNGENAN",Cold plate,0.45999065204396483,13.14038821511992,2.9474308328855217,16.087819048005443,18.32088503786933,Numerical intensity-index transfer between Microsoft renewable and grid endpoints; eGRID and GaBi boundaries differ
2023,VA,VA,91024103.437,244.7579415008848,244.75798925963002,243.51164747744673,"AR5 GWP100 (CH4=28; N2O=265), reconstructed","eGRID2023 ST23!STCO2AN, STCH4AN, STN2OAN and STNGENAN",One-phase,0.45999065204396483,12.881654136313617,3.049789121460012,15.93144325777363,19.14320675229402,Numerical intensity-index transfer between Microsoft renewable and grid endpoints; eGRID and GaBi boundaries differ
2023,VA,VA,91024103.437,244.7579415008848,244.75798925963002,243.51164747744673,"AR5 GWP100 (CH4=28; N2O=265), reconstructed","eGRID2023 ST23!STCO2AN, STCH4AN, STN2OAN and STNGENAN",Two-phase,0.45999065204396483,12.262343841298541,2.819329915902762,15.081673757201303,18.693746869816543,Numerical intensity-index transfer between Microsoft renewable and grid endpoints; eGRID and GaBi boundaries differ
2023,VT,VT,2480198.747,23.695374653003146,23.69521181643,19.49567363258492,"AR5 GWP100 (CH4=28; N2O=265), reconstructed","eGRID2023 ST23!STCO2AN, STCH4AN, STN2OAN and STNGENAN",Air-cooled,0.033854455887256954,1.5099869427188932,3.5104211643502636,5.020408107069157,69.92302397502894,Numerical intensity-index transfer between Microsoft renewable and grid endpoints; eGRID and GaBi boundaries differ
2023,VT,VT,2480198.747,23.695374653003146,23.69521181643,19.49567363258492,"AR5 GWP100 (CH4=28; N2O=265), reconstructed","eGRID2023 ST23!STCO2AN, STCH4AN, STN2OAN and STNGENAN",Cold plate,0.033854455887256954,1.282175869186956,2.9474308328855217,4.229606702072478,69.68569516029235,Numerical intensity-index transfer between Microsoft renewable and grid endpoints; eGRID and GaBi boundaries differ
2023,VT,VT,2480198.747,23.695374653003146,23.69521181643,19.49567363258492,"AR5 GWP100 (CH4=28; N2O=265), reconstructed","eGRID2023 ST23!STCO2AN, STCH4AN, STN2OAN and STNGENAN",One-phase,0.033854455887256954,1.2569298424371496,3.049789121460012,4.306718963897161,70.81467695073954,Numerical intensity-index transfer between Microsoft renewable and grid endpoints; eGRID and GaBi boundaries differ
2023,VT,VT,2480198.747,23.695374653003146,23.69521181643,19.49567363258492,"AR5 GWP100 (CH4=28; N2O=265), reconstructed","eGRID2023 ST23!STCO2AN, STCH4AN, STN2OAN and STNGENAN",Two-phase,0.033854455887256954,1.19650052308921,2.819329915902762,4.015830438991972,70.2054023130133,Numerical intensity-index transfer between Microsoft renewable and grid endpoints; eGRID and GaBi boundaries differ
2023,WA,WA,102953150.197,120.92099029838242,120.92092195645,120.25613617562851,"AR5 GWP100 (CH4=28; N2O=265), reconstructed","eGRID2023 ST23!STCO2AN, STCH4AN, STN2OAN and STNGENAN",Air-cooled,0.22127358618544946,7.651993971501687,3.5104211643502636,11.162415135851951,31.448580989210242,Numerical intensity-index transfer between Microsoft renewable and grid endpoints; eGRID and GaBi boundaries differ
2023,WA,WA,102953150.197,120.92099029838242,120.92092195645,120.25613617562851,"AR5 GWP100 (CH4=28; N2O=265), reconstructed","eGRID2023 ST23!STCO2AN, STCH4AN, STN2OAN and STNGENAN",Cold plate,0.22127358618544946,6.497540967975129,2.9474308328855217,9.444971800860651,31.20634867980171,Numerical intensity-index transfer between Microsoft renewable and grid endpoints; eGRID and GaBi boundaries differ
2023,WA,WA,102953150.197,120.92099029838242,120.92092195645,120.25613617562851,"AR5 GWP100 (CH4=28; N2O=265), reconstructed","eGRID2023 ST23!STCO2AN, STCH4AN, STN2OAN and STNGENAN",One-phase,0.22127358618544946,6.369604467977292,3.049789121460012,9.419393589437304,32.37776500686813,Numerical intensity-index transfer between Microsoft renewable and grid endpoints; eGRID and GaBi boundaries differ
2023,WA,WA,102953150.197,120.92099029838242,120.92092195645,120.25613617562851,"AR5 GWP100 (CH4=28; N2O=265), reconstructed","eGRID2023 ST23!STCO2AN, STCH4AN, STN2OAN and STNGENAN",Two-phase,0.22127358618544946,6.063373483939924,2.819329915902762,8.882703399842686,31.73954807443748,Numerical intensity-index transfer between Microsoft renewable and grid endpoints; eGRID and GaBi boundaries differ
2023,WI,WI,62538903.174,527.7871563547909,527.78738114564,524.8045879747674,"AR5 GWP100 (CH4=28; N2O=265), reconstructed","eGRID2023 ST23!STCO2AN, STCH4AN, STN2OAN and STNGENAN",Air-cooled,1.0055782417423014,33.35483817674828,3.5104211643502636,36.86525934109854,9.522301557327541,Numerical intensity-index transfer between Microsoft renewable and grid endpoints; eGRID and GaBi boundaries differ
2023,WI,WI,62538903.174,527.7871563547909,527.78738114564,524.8045879747674,"AR5 GWP100 (CH4=28; N2O=265), reconstructed","eGRID2023 ST23!STCO2AN, STCH4AN, STN2OAN and STNGENAN",Cold plate,1.0055782417423014,28.32260824312582,2.9474308328855217,31.270039076011344,9.425734408968578,Numerical intensity-index transfer between Microsoft renewable and grid endpoints; eGRID and GaBi boundaries differ
2023,WI,WI,62538903.174,527.7871563547909,527.78738114564,524.8045879747674,"AR5 GWP100 (CH4=28; N2O=265), reconstructed","eGRID2023 ST23!STCO2AN, STCH4AN, STN2OAN and STNGENAN",One-phase,1.0055782417423014,27.76493644277939,3.049789121460012,30.814725564239403,9.897180862773292,Numerical intensity-index transfer between Microsoft renewable and grid endpoints; eGRID and GaBi boundaries differ
2023,WI,WI,62538903.174,527.7871563547909,527.78738114564,524.8045879747674,"AR5 GWP100 (CH4=28; N2O=265), reconstructed","eGRID2023 ST23!STCO2AN, STCH4AN, STN2OAN and STNGENAN",Two-phase,1.0055782417423014,26.430083729184233,2.819329915902762,29.249413645086996,9.638927980275334,Numerical intensity-index transfer between Microsoft renewable and grid endpoints; eGRID and GaBi boundaries differ
2023,WV,WV,52286784.268,893.0639126032002,893.06395592953,886.4931760843995,"AR5 GWP100 (CH4=28; N2O=265), reconstructed","eGRID2023 ST23!STCO2AN, STCH4AN, STN2OAN and STNGENAN",Air-cooled,1.7097121422559498,56.43036605524245,3.5104211643502636,59.940787219592714,5.856481583216211,Numerical intensity-index transfer between Microsoft renewable and grid endpoints; eGRID and GaBi boundaries differ
2023,WV,WV,52286784.268,893.0639126032002,893.06395592953,886.4931760843995,"AR5 GWP100 (CH4=28; N2O=265), reconstructed","eGRID2023 ST23!STCO2AN, STCH4AN, STN2OAN and STNGENAN",Cold plate,1.7097121422559498,47.91674126342979,2.9474308328855217,50.864172096315315,5.794709146753297,Numerical intensity-index transfer between Microsoft renewable and grid endpoints; eGRID and GaBi boundaries differ
2023,WV,WV,52286784.268,893.0639126032002,893.06395592953,886.4931760843995,"AR5 GWP100 (CH4=28; N2O=265), reconstructed","eGRID2023 ST23!STCO2AN, STCH4AN, STN2OAN and STNGENAN",One-phase,1.7097121422559498,46.973261230174145,3.049789121460012,50.023050351634154,6.096767590184314,Numerical intensity-index transfer between Microsoft renewable and grid endpoints; eGRID and GaBi boundaries differ
2023,WV,WV,52286784.268,893.0639126032002,893.06395592953,886.4931760843995,"AR5 GWP100 (CH4=28; N2O=265), reconstructed","eGRID2023 ST23!STCO2AN, STCH4AN, STN2OAN and STNGENAN",Two-phase,1.7097121422559498,44.714931363338856,2.819329915902762,47.53426127924162,5.931153319792882,Numerical intensity-index transfer between Microsoft renewable and grid endpoints; eGRID and GaBi boundaries differ
2023,WY,WY,43176351.213,831.5539040677187,831.55410900331,825.6822607260964,"AR5 GWP100 (CH4=28; N2O=265), reconstructed","eGRID2023 ST23!STCO2AN, STCH4AN, STN2OAN and STNGENAN",Air-cooled,1.59114099999235,52.54461123376222,3.5104211643502636,56.05503239811248,6.262454973567134,Numerical intensity-index transfer between Microsoft renewable and grid endpoints; eGRID and GaBi boundaries differ
2023,WY,WY,43176351.213,831.5539040677187,831.55410900331,825.6822607260964,"AR5 GWP100 (CH4=28; N2O=265), reconstructed","eGRID2023 ST23!STCO2AN, STCH4AN, STN2OAN and STNGENAN",Cold plate,1.59114099999235,44.617228582407655,2.9474308328855217,47.56465941529318,6.196682303874233,Numerical intensity-index transfer between Microsoft renewable and grid endpoints; eGRID and GaBi boundaries differ
2023,WY,WY,43176351.213,831.5539040677187,831.55410900331,825.6822607260964,"AR5 GWP100 (CH4=28; N2O=265), reconstructed","eGRID2023 ST23!STCO2AN, STCH4AN, STN2OAN and STNGENAN",One-phase,1.59114099999235,43.738715912372804,3.049789121460012,46.78850503383281,6.518244426178409,Numerical intensity-index transfer between Microsoft renewable and grid endpoints; eGRID and GaBi boundaries differ
2023,WY,WY,43176351.213,831.5539040677187,831.55410900331,825.6822607260964,"AR5 GWP100 (CH4=28; N2O=265), reconstructed","eGRID2023 ST23!STCO2AN, STCH4AN, STN2OAN and STNGENAN",Two-phase,1.59114099999235,41.63589303197028,2.819329915902762,44.45522294787304,6.3419542833215115,Numerical intensity-index transfer between Microsoft renewable and grid endpoints; eGRID and GaBi boundaries differ
