year,state_abbreviation,net_generation_mwh,co2e_kg_per_mwh,source_file,source_field
2012,AK,6928294.496,494.3179380358594,eGRID2012_Data.xlsx,ST12!STC2ERTA converted from lb/MWh
2012,AL,153105216.953,454.5841777966787,eGRID2012_Data.xlsx,ST12!STC2ERTA converted from lb/MWh
2012,AR,65005677.87300001,561.4238710069459,eGRID2012_Data.xlsx,ST12!STC2ERTA converted from lb/MWh
2012,AZ,110614113.36099999,482.790167687186,eGRID2012_Data.xlsx,ST12!STC2ERTA converted from lb/MWh
2012,CA,199189655.76309997,261.2998055293646,eGRID2012_Data.xlsx,ST12!STC2ERTA converted from lb/MWh
2012,CO,52547910.61299999,760.6469914145814,eGRID2012_Data.xlsx,ST12!STC2ERTA converted from lb/MWh
2012,CT,35557337.401,239.68896895265962,eGRID2012_Data.xlsx,ST12!STC2ERTA converted from lb/MWh
2012,DC,71786.78,559.8332523955094,eGRID2012_Data.xlsx,ST12!STC2ERTA converted from lb/MWh
2012,DE,8633823.2578,571.4295315872655,eGRID2012_Data.xlsx,ST12!STC2ERTA converted from lb/MWh
2012,FL,221099929.55259997,517.6417385146392,eGRID2012_Data.xlsx,ST12!STC2ERTA converted from lb/MWh
2012,GA,122014744.25300002,492.1877319826492,eGRID2012_Data.xlsx,ST12!STC2ERTA converted from lb/MWh
2012,HI,10469268.697999999,670.6966419750073,eGRID2012_Data.xlsx,ST12!STC2ERTA converted from lb/MWh
2012,IA,56602145.65100001,639.7195546818368,eGRID2012_Data.xlsx,ST12!STC2ERTA converted from lb/MWh
2012,ID,15499089.316,52.13348084501698,eGRID2012_Data.xlsx,ST12!STC2ERTA converted from lb/MWh
2012,IL,197522000.958,454.67638520585797,eGRID2012_Data.xlsx,ST12!STC2ERTA converted from lb/MWh
2012,IN,114878967.34740001,867.8846107891013,eGRID2012_Data.xlsx,ST12!STC2ERTA converted from lb/MWh
2012,KS,44286624.611999996,727.0757184352591,eGRID2012_Data.xlsx,ST12!STC2ERTA converted from lb/MWh
2012,KY,89957452.21,945.7709144811539,eGRID2012_Data.xlsx,ST12!STC2ERTA converted from lb/MWh
2012,LA,103347602.39899999,525.534693645618,eGRID2012_Data.xlsx,ST12!STC2ERTA converted from lb/MWh
2012,MA,36198121.51100001,410.7054747429866,eGRID2012_Data.xlsx,ST12!STC2ERTA converted from lb/MWh
2012,MD,37808347.212,537.3367612535643,eGRID2012_Data.xlsx,ST12!STC2ERTA converted from lb/MWh
2012,ME,14420135.401999999,259.2166344561971,eGRID2012_Data.xlsx,ST12!STC2ERTA converted from lb/MWh
2012,MI,108166077.441,599.9605647723747,eGRID2012_Data.xlsx,ST12!STC2ERTA converted from lb/MWh
2012,MN,52193624.220999986,529.7696269083569,eGRID2012_Data.xlsx,ST12!STC2ERTA converted from lb/MWh
2012,MO,91804321.40999998,786.4515106620867,eGRID2012_Data.xlsx,ST12!STC2ERTA converted from lb/MWh
2012,MS,54584295.177999996,445.788401903682,eGRID2012_Data.xlsx,ST12!STC2ERTA converted from lb/MWh
2012,MT,27795017.083,586.1233263347476,eGRID2012_Data.xlsx,ST12!STC2ERTA converted from lb/MWh
2012,NC,116971226.61099999,481.57895136449986,eGRID2012_Data.xlsx,ST12!STC2ERTA converted from lb/MWh
2012,ND,36125158.886,844.4898304874455,eGRID2012_Data.xlsx,ST12!STC2ERTA converted from lb/MWh
2012,NE,34200814.916,746.8754785946351,eGRID2012_Data.xlsx,ST12!STC2ERTA converted from lb/MWh
2012,NH,19264434.942,234.1645204567588,eGRID2012_Data.xlsx,ST12!STC2ERTA converted from lb/MWh
2012,NJ,65232564.118,235.30687567808639,eGRID2012_Data.xlsx,ST12!STC2ERTA converted from lb/MWh
2012,NM,36635909.33,803.9514215538795,eGRID2012_Data.xlsx,ST12!STC2ERTA converted from lb/MWh
2012,NV,35142773.975999996,417.06387390575577,eGRID2012_Data.xlsx,ST12!STC2ERTA converted from lb/MWh
2012,NY,135662526.46399996,256.046472781625,eGRID2012_Data.xlsx,ST12!STC2ERTA converted from lb/MWh
2012,OH,129741418.34499998,736.578696719413,eGRID2012_Data.xlsx,ST12!STC2ERTA converted from lb/MWh
2012,OK,77757667.6767,624.5843367986424,eGRID2012_Data.xlsx,ST12!STC2ERTA converted from lb/MWh
2012,OR,60612559.41,118.71983648454595,eGRID2012_Data.xlsx,ST12!STC2ERTA converted from lb/MWh
2012,PA,223416431.35199994,483.57730055072983,eGRID2012_Data.xlsx,ST12!STC2ERTA converted from lb/MWh
2012,RI,8309035.853,411.8467500008195,eGRID2012_Data.xlsx,ST12!STC2ERTA converted from lb/MWh
2012,SC,96755682.345,350.47735500875496,eGRID2012_Data.xlsx,ST12!STC2ERTA converted from lb/MWh
2012,SD,12017721.954,254.8235470417611,eGRID2012_Data.xlsx,ST12!STC2ERTA converted from lb/MWh
2012,TN,77385936.54100001,500.37128622523164,eGRID2012_Data.xlsx,ST12!STC2ERTA converted from lb/MWh
2012,TX,429697350.6938001,547.4493701801143,eGRID2012_Data.xlsx,ST12!STC2ERTA converted from lb/MWh
2012,UT,39400420.758,820.9580075521128,eGRID2012_Data.xlsx,ST12!STC2ERTA converted from lb/MWh
2012,VA,70739234.747,372.4703163542424,eGRID2012_Data.xlsx,ST12!STC2ERTA converted from lb/MWh
2012,VT,6568121.002,3.37294715150058,eGRID2012_Data.xlsx,ST12!STC2ERTA converted from lb/MWh
2012,WA,116834423.661,57.419739700996345,eGRID2012_Data.xlsx,ST12!STC2ERTA converted from lb/MWh
2012,WI,63742909.901,618.7824180242433,eGRID2012_Data.xlsx,ST12!STC2ERTA converted from lb/MWh
2012,WV,73413404.20399998,898.9368141618589,eGRID2012_Data.xlsx,ST12!STC2ERTA converted from lb/MWh
2012,WY,49588606.105000004,956.8340785430383,eGRID2012_Data.xlsx,ST12!STC2ERTA converted from lb/MWh
2014,AK,6045142.31,398.29764572752003,eGRID2014_Data_v2.xlsx,ST14!STC2ERTA converted from lb/MWh
2014,AL,149248102.877,480.66185545686005,eGRID2014_Data_v2.xlsx,ST14!STC2ERTA converted from lb/MWh
2014,AR,61592136.606,586.46953323728,eGRID2014_Data_v2.xlsx,ST14!STC2ERTA converted from lb/MWh
2014,AZ,108779907.038,506.9919853506201,eGRID2014_Data_v2.xlsx,ST14!STC2ERTA converted from lb/MWh
2014,CA,197243679.949,251.92520229800002,eGRID2014_Data_v2.xlsx,ST14!STC2ERTA converted from lb/MWh
2014,CO,53847380.231,722.68558991013,eGRID2014_Data_v2.xlsx,ST14!STC2ERTA converted from lb/MWh
2014,CT,33651815.798,244.1506290762,eGRID2014_Data_v2.xlsx,ST14!STC2ERTA converted from lb/MWh
2014,DC,67612.0,537.8516886512,eGRID2014_Data_v2.xlsx,ST14!STC2ERTA converted from lb/MWh
2014,DE,7598247.016,474.42269240751,eGRID2014_Data_v2.xlsx,ST14!STC2ERTA converted from lb/MWh
2014,FL,229963756.27,498.69079138725,eGRID2014_Data_v2.xlsx,ST14!STC2ERTA converted from lb/MWh
2014,GA,125805607.875,501.55704157328,eGRID2014_Data_v2.xlsx,ST14!STC2ERTA converted from lb/MWh
2014,HI,10204158.502,607.2962269058299,eGRID2014_Data_v2.xlsx,ST14!STC2ERTA converted from lb/MWh
2014,IA,56846167.863,611.8339649753101,eGRID2014_Data_v2.xlsx,ST14!STC2ERTA converted from lb/MWh
2014,ID,15102586.656,66.88763806493999,eGRID2014_Data_v2.xlsx,ST14!STC2ERTA converted from lb/MWh
2014,IL,202134056.529,452.11320528143006,eGRID2014_Data_v2.xlsx,ST14!STC2ERTA converted from lb/MWh
2014,IN,115023340.266,899.4147027019,eGRID2014_Data_v2.xlsx,ST14!STC2ERTA converted from lb/MWh
2014,KS,49727761.916,643.6570984697701,eGRID2014_Data_v2.xlsx,ST14!STC2ERTA converted from lb/MWh
2014,KY,90896434.998,945.41305135123,eGRID2014_Data_v2.xlsx,ST14!STC2ERTA converted from lb/MWh
2014,LA,103522968.665,444.35405420021004,eGRID2014_Data_v2.xlsx,ST14!STC2ERTA converted from lb/MWh
2014,MA,31014178.671,406.21600773061004,eGRID2014_Data_v2.xlsx,ST14!STC2ERTA converted from lb/MWh
2014,MD,37819444.988,530.55384101027,eGRID2014_Data_v2.xlsx,ST14!STC2ERTA converted from lb/MWh
2014,ME,13245795.392,161.61450783863,eGRID2014_Data_v2.xlsx,ST14!STC2ERTA converted from lb/MWh
2014,MI,106747581.842,581.68594810326,eGRID2014_Data_v2.xlsx,ST14!STC2ERTA converted from lb/MWh
2014,MN,56981323.968,548.82227371202,eGRID2014_Data_v2.xlsx,ST14!STC2ERTA converted from lb/MWh
2014,MO,87833977.052,797.34235808843,eGRID2014_Data_v2.xlsx,ST14!STC2ERTA converted from lb/MWh
2014,MS,55127091.661,449.66698163002,eGRID2014_Data_v2.xlsx,ST14!STC2ERTA converted from lb/MWh
2014,MT,30257616.001,590.77866075228,eGRID2014_Data_v2.xlsx,ST14!STC2ERTA converted from lb/MWh
2014,NC,126271599.062,447.50742835645,eGRID2014_Data_v2.xlsx,ST14!STC2ERTA converted from lb/MWh
2014,ND,36462507.669,826.5868189594399,eGRID2014_Data_v2.xlsx,ST14!STC2ERTA converted from lb/MWh
2014,NE,39431137.998,636.7393612349,eGRID2014_Data_v2.xlsx,ST14!STC2ERTA converted from lb/MWh
2014,NH,19538394.984,174.42350277506,eGRID2014_Data_v2.xlsx,ST14!STC2ERTA converted from lb/MWh
2014,NJ,66819245.204,252.4513694472,eGRID2014_Data_v2.xlsx,ST14!STC2ERTA converted from lb/MWh
2014,NM,32305545.001,767.7010038936701,eGRID2014_Data_v2.xlsx,ST14!STC2ERTA converted from lb/MWh
2014,NV,35801018.998,439.28016994939003,eGRID2014_Data_v2.xlsx,ST14!STC2ERTA converted from lb/MWh
2014,NY,133648655.493,237.61028069317,eGRID2014_Data_v2.xlsx,ST14!STC2ERTA converted from lb/MWh
2014,OH,134484232.266,730.43476195921,eGRID2014_Data_v2.xlsx,ST14!STC2ERTA converted from lb/MWh
2014,OK,70003762.499,618.21646321358,eGRID2014_Data_v2.xlsx,ST14!STC2ERTA converted from lb/MWh
2014,OR,60110811.966,141.43282252022,eGRID2014_Data_v2.xlsx,ST14!STC2ERTA converted from lb/MWh
2014,PA,221043691.598,451.56980162217,eGRID2014_Data_v2.xlsx,ST14!STC2ERTA converted from lb/MWh
2014,RI,6239678.499,405.35917174368,eGRID2014_Data_v2.xlsx,ST14!STC2ERTA converted from lb/MWh
2014,SC,97158465.241,334.65047155386003,eGRID2014_Data_v2.xlsx,ST14!STC2ERTA converted from lb/MWh
2014,SD,10995239.493,282.49052415044997,eGRID2014_Data_v2.xlsx,ST14!STC2ERTA converted from lb/MWh
2014,TN,79506885.795,486.66696484329,eGRID2014_Data_v2.xlsx,ST14!STC2ERTA converted from lb/MWh
2014,TX,438052226.109,539.97359375806,eGRID2014_Data_v2.xlsx,ST14!STC2ERTA converted from lb/MWh
2014,UT,43784525.997,809.13485252369,eGRID2014_Data_v2.xlsx,ST14!STC2ERTA converted from lb/MWh
2014,VA,77345531.756,400.80102201755,eGRID2014_Data_v2.xlsx,ST14!STC2ERTA converted from lb/MWh
2014,VT,7024733.008,10.418563146530001,eGRID2014_Data_v2.xlsx,ST14!STC2ERTA converted from lb/MWh
2014,WA,116272503.358,102.43794006369,eGRID2014_Data_v2.xlsx,ST14!STC2ERTA converted from lb/MWh
2014,WI,61008457.569,691.955160435,eGRID2014_Data_v2.xlsx,ST14!STC2ERTA converted from lb/MWh
2014,WV,80357567.778,903.2575372605401,eGRID2014_Data_v2.xlsx,ST14!STC2ERTA converted from lb/MWh
2014,WY,49696183.631,912.96486757091,eGRID2014_Data_v2.xlsx,ST14!STC2ERTA converted from lb/MWh
2016,AK,6335033.511,421.84680080081006,egrid2016_data.xlsx,ST16!STC2ERTA converted from lb/MWh
2016,AL,142863240.209,416.15648451916,egrid2016_data.xlsx,ST16!STC2ERTA converted from lb/MWh
2016,AR,60445059.072,509.19961941541004,egrid2016_data.xlsx,ST16!STC2ERTA converted from lb/MWh
2016,AZ,108734630.779,425.04870934064,egrid2016_data.xlsx,ST16!STC2ERTA converted from lb/MWh
2016,CA,197323836.964,205.95769792983003,egrid2016_data.xlsx,ST16!STC2ERTA converted from lb/MWh
2016,CO,54418479.931,670.38457527965,egrid2016_data.xlsx,ST16!STC2ERTA converted from lb/MWh
2016,CT,36496559.656,227.76460470995002,egrid2016_data.xlsx,ST16!STC2ERTA converted from lb/MWh
2016,DC,76473.999,219.10416558954,egrid2016_data.xlsx,ST16!STC2ERTA converted from lb/MWh
2016,DE,8731261.003,403.39647755869004,egrid2016_data.xlsx,ST16!STC2ERTA converted from lb/MWh
2016,FL,238226428.16,466.7315801817901,egrid2016_data.xlsx,ST16!STC2ERTA converted from lb/MWh
2016,GA,132902274.317,456.97072597176003,egrid2016_data.xlsx,ST16!STC2ERTA converted from lb/MWh
2016,HI,9948844.667,695.3035793103401,egrid2016_data.xlsx,ST16!STC2ERTA converted from lb/MWh
2016,IA,54396530.724,455.34777247190004,egrid2016_data.xlsx,ST16!STC2ERTA converted from lb/MWh
2016,ID,15660938.441,85.85278864701,egrid2016_data.xlsx,ST16!STC2ERTA converted from lb/MWh
2016,IL,187437381.035,370.14997120717004,egrid2016_data.xlsx,ST16!STC2ERTA converted from lb/MWh
2016,IN,101397209.392,827.76298397485,egrid2016_data.xlsx,ST16!STC2ERTA converted from lb/MWh
2016,KS,47599990.322,546.15061465272,egrid2016_data.xlsx,ST16!STC2ERTA converted from lb/MWh
2016,KY,80273501.005,892.7078859190801,egrid2016_data.xlsx,ST16!STC2ERTA converted from lb/MWh
2016,LA,106842115.053,400.12925171758,egrid2016_data.xlsx,ST16!STC2ERTA converted from lb/MWh
2016,MA,31951671.137,375.35403646818,egrid2016_data.xlsx,ST16!STC2ERTA converted from lb/MWh
2016,MD,37166746.524,462.41655596598,egrid2016_data.xlsx,ST16!STC2ERTA converted from lb/MWh
2016,ME,11514427.426,157.67777965940002,egrid2016_data.xlsx,ST16!STC2ERTA converted from lb/MWh
2016,MI,112121789.925,501.6799651055501,egrid2016_data.xlsx,ST16!STC2ERTA converted from lb/MWh
2016,MN,60036475.896,462.79258404071004,egrid2016_data.xlsx,ST16!STC2ERTA converted from lb/MWh
2016,MO,78611512.544,770.63302497335,egrid2016_data.xlsx,ST16!STC2ERTA converted from lb/MWh
2016,MS,62881294.963,427.75075908873004,egrid2016_data.xlsx,ST16!STC2ERTA converted from lb/MWh
2016,MT,27783529.992,571.56176640486,egrid2016_data.xlsx,ST16!STC2ERTA converted from lb/MWh
2016,NC,130768152.699,395.83101041946003,egrid2016_data.xlsx,ST16!STC2ERTA converted from lb/MWh
2016,ND,37856451.758,759.6869339005101,egrid2016_data.xlsx,ST16!STC2ERTA converted from lb/MWh
2016,NE,37197843.2,585.4557542903301,egrid2016_data.xlsx,ST16!STC2ERTA converted from lb/MWh
2016,NH,19282493.05,143.69443407704,egrid2016_data.xlsx,ST16!STC2ERTA converted from lb/MWh
2016,NJ,77598196.669,253.93189494287998,egrid2016_data.xlsx,ST16!STC2ERTA converted from lb/MWh
2016,NM,32922552.001,717.8561919467401,egrid2016_data.xlsx,ST16!STC2ERTA converted from lb/MWh
2016,NV,39228694.003,349.96420355743004,egrid2016_data.xlsx,ST16!STC2ERTA converted from lb/MWh
2016,NY,134090832.639,211.31779896612,egrid2016_data.xlsx,ST16!STC2ERTA converted from lb/MWh
2016,OH,118922077.758,669.20024560158,egrid2016_data.xlsx,ST16!STC2ERTA converted from lb/MWh
2016,OK,78655008.003,475.50587098707,egrid2016_data.xlsx,ST16!STC2ERTA converted from lb/MWh
2016,OR,60181811.826,139.32633955394,egrid2016_data.xlsx,ST16!STC2ERTA converted from lb/MWh
2016,PA,215066508.488,390.11030344902,egrid2016_data.xlsx,ST16!STC2ERTA converted from lb/MWh
2016,RI,6564885.1,395.3919330053,egrid2016_data.xlsx,ST16!STC2ERTA converted from lb/MWh
2016,SC,96985763.86,287.03415892074,egrid2016_data.xlsx,ST16!STC2ERTA converted from lb/MWh
2016,SD,10289415.719,234.30858183194002,egrid2016_data.xlsx,ST16!STC2ERTA converted from lb/MWh
2016,TN,79340633.31,452.86979735459005,egrid2016_data.xlsx,ST16!STC2ERTA converted from lb/MWh
2016,TX,453941342.056,478.35942058674004,egrid2016_data.xlsx,ST16!STC2ERTA converted from lb/MWh
2016,UT,38133928.003,743.15848153008,egrid2016_data.xlsx,ST16!STC2ERTA converted from lb/MWh
2016,VA,92554816.451,371.4830791826,egrid2016_data.xlsx,ST16!STC2ERTA converted from lb/MWh
2016,VT,1911207.085,30.311310125250003,egrid2016_data.xlsx,ST16!STC2ERTA converted from lb/MWh
2016,WA,114086582.682,85.24361409410001,egrid2016_data.xlsx,ST16!STC2ERTA converted from lb/MWh
2016,WI,64966610.542,633.4372087813,egrid2016_data.xlsx,ST16!STC2ERTA converted from lb/MWh
2016,WV,75942967.562,902.90237443483,egrid2016_data.xlsx,ST16!STC2ERTA converted from lb/MWh
2016,WY,46656629.978,925.76705862179,egrid2016_data.xlsx,ST16!STC2ERTA converted from lb/MWh
2018,AK,6244300.149,413.66943755445004,egrid2018_data.xlsx,ST18!STC2ERTA converted from lb/MWh
2018,AL,143221259.248,393.85334768626,egrid2018_data.xlsx,ST18!STC2ERTA converted from lb/MWh
2018,AR,67999351.643,552.99441633128,egrid2018_data.xlsx,ST18!STC2ERTA converted from lb/MWh
2018,AZ,111639090.046,441.00291377065,egrid2018_data.xlsx,ST18!STC2ERTA converted from lb/MWh
2018,CA,195212859.582,191.42913431873,egrid2018_data.xlsx,ST18!STC2ERTA converted from lb/MWh
2018,CO,55375731.38,622.0429684469,egrid2018_data.xlsx,ST18!STC2ERTA converted from lb/MWh
2018,CT,39453552.523,231.09760144471002,egrid2018_data.xlsx,ST18!STC2ERTA converted from lb/MWh
2018,DC,74889.001,199.6123942659,egrid2018_data.xlsx,ST18!STC2ERTA converted from lb/MWh
2018,DE,6240644.191,408.40821965482,egrid2018_data.xlsx,ST18!STC2ERTA converted from lb/MWh
2018,FL,243456187.354,429.88037526588005,egrid2018_data.xlsx,ST18!STC2ERTA converted from lb/MWh
2018,GA,129232893.261,422.68367872346,egrid2018_data.xlsx,ST18!STC2ERTA converted from lb/MWh
2018,HI,9796772.998,691.62993470571,egrid2018_data.xlsx,ST18!STC2ERTA converted from lb/MWh
2018,IA,63191960.4,488.68318292794004,egrid2018_data.xlsx,ST18!STC2ERTA converted from lb/MWh
2018,ID,18172119.496,72.89002589715,egrid2018_data.xlsx,ST18!STC2ERTA converted from lb/MWh
2018,IL,187990218.418,371.28485931691,egrid2018_data.xlsx,ST18!STC2ERTA converted from lb/MWh
2018,IN,113451149.922,793.11714516188,egrid2018_data.xlsx,ST18!STC2ERTA converted from lb/MWh
2018,KS,51683745.199,452.05015594200006,egrid2018_data.xlsx,ST18!STC2ERTA converted from lb/MWh
2018,KY,78804496.998,832.6418235065701,egrid2018_data.xlsx,ST18!STC2ERTA converted from lb/MWh
2018,LA,101862424.388,380.75858955673,egrid2018_data.xlsx,ST18!STC2ERTA converted from lb/MWh
2018,MA,27123442.981,332.86558557791,egrid2018_data.xlsx,ST18!STC2ERTA converted from lb/MWh
2018,MD,43783522.967,381.54557231868,egrid2018_data.xlsx,ST18!STC2ERTA converted from lb/MWh
2018,ME,11280700.003,121.66299907377001,egrid2018_data.xlsx,ST18!STC2ERTA converted from lb/MWh
2018,MI,115834924.306,506.10203712068,egrid2018_data.xlsx,ST18!STC2ERTA converted from lb/MWh
2018,MN,61425572.326,455.00168149359,egrid2018_data.xlsx,ST18!STC2ERTA converted from lb/MWh
2018,MO,81304229.764,776.95519542641,egrid2018_data.xlsx,ST18!STC2ERTA converted from lb/MWh
2018,MS,63473771.44,417.08589528529006,egrid2018_data.xlsx,ST18!STC2ERTA converted from lb/MWh
2018,MT,28195174.001,528.8574055464701,egrid2018_data.xlsx,ST18!STC2ERTA converted from lb/MWh
2018,NC,134162507.279,364.72183131538,egrid2018_data.xlsx,ST18!STC2ERTA converted from lb/MWh
2018,ND,42612541.996,688.0315864345,egrid2018_data.xlsx,ST18!STC2ERTA converted from lb/MWh
2018,NE,36966215.818,642.97852428425,egrid2018_data.xlsx,ST18!STC2ERTA converted from lb/MWh
2018,NH,17063035.358,138.71535063155,egrid2018_data.xlsx,ST18!STC2ERTA converted from lb/MWh
2018,NJ,74975548.734,227.76732626417,egrid2018_data.xlsx,ST18!STC2ERTA converted from lb/MWh
2018,NM,32534843.004,608.0042845954,egrid2018_data.xlsx,ST18!STC2ERTA converted from lb/MWh
2018,NV,39607668.204,338.6611352894,egrid2018_data.xlsx,ST18!STC2ERTA converted from lb/MWh
2018,NY,132500581.801,189.91141424871,egrid2018_data.xlsx,ST18!STC2ERTA converted from lb/MWh
2018,OH,126184610.568,603.20799887502,egrid2018_data.xlsx,ST18!STC2ERTA converted from lb/MWh
2018,OK,86223720.801,405.23171228771,egrid2018_data.xlsx,ST18!STC2ERTA converted from lb/MWh
2018,OR,63917831.946,142.50057895920003,egrid2018_data.xlsx,ST18!STC2ERTA converted from lb/MWh
2018,PA,215390665.858,357.81361952028004,egrid2018_data.xlsx,ST18!STC2ERTA converted from lb/MWh
2018,RI,8372772.262,394.07016483912,egrid2018_data.xlsx,ST18!STC2ERTA converted from lb/MWh
2018,SC,99322722.723,287.83293508431,egrid2018_data.xlsx,ST18!STC2ERTA converted from lb/MWh
2018,SD,12616395.683,235.86213569919,egrid2018_data.xlsx,ST18!STC2ERTA converted from lb/MWh
2018,TN,81539017.661,339.44811805135004,egrid2018_data.xlsx,ST18!STC2ERTA converted from lb/MWh
2018,TX,476834935.717,446.18157785894005,egrid2018_data.xlsx,ST18!STC2ERTA converted from lb/MWh
2018,UT,39375424.0,729.9888806595,egrid2018_data.xlsx,ST18!STC2ERTA converted from lb/MWh
2018,VA,94558960.368,336.94837050028,egrid2018_data.xlsx,ST18!STC2ERTA converted from lb/MWh
2018,VT,2175006.475,26.08473642159,egrid2018_data.xlsx,ST18!STC2ERTA converted from lb/MWh
2018,WA,116746864.289,90.73752487954,egrid2018_data.xlsx,ST18!STC2ERTA converted from lb/MWh
2018,WI,65802102.201,633.33016098198,egrid2018_data.xlsx,ST18!STC2ERTA converted from lb/MWh
2018,WV,67249024.77,889.70283646783,egrid2018_data.xlsx,ST18!STC2ERTA converted from lb/MWh
2018,WY,46112136.165,936.1048823264599,egrid2018_data.xlsx,ST18!STC2ERTA converted from lb/MWh
2019,AK,6068242.558,442.22080928409997,egrid2019_data.xlsx,ST19!STC2ERTA converted from lb/MWh
2019,AL,142679432.855,356.32991887801,egrid2019_data.xlsx,ST19!STC2ERTA converted from lb/MWh
2019,AR,63857738.721,511.62633859491,egrid2019_data.xlsx,ST19!STC2ERTA converted from lb/MWh
2019,AZ,113368628.098,396.13310293788,egrid2019_data.xlsx,ST19!STC2ERTA converted from lb/MWh
2019,CA,201747828.474,175.62325459371002,egrid2019_data.xlsx,ST19!STC2ERTA converted from lb/MWh
2019,CO,56336872.925,603.76455671301,egrid2019_data.xlsx,ST19!STC2ERTA converted from lb/MWh
2019,CT,40050037.539,216.55497647014002,egrid2019_data.xlsx,ST19!STC2ERTA converted from lb/MWh
2019,DC,174080.0,361.82700481004,egrid2019_data.xlsx,ST19!STC2ERTA converted from lb/MWh
2019,DE,5258538.001,322.72099222286,egrid2019_data.xlsx,ST19!STC2ERTA converted from lb/MWh
2019,FL,244949921.388,397.92706076123,egrid2019_data.xlsx,ST19!STC2ERTA converted from lb/MWh
2019,GA,128595116.561,399.59083757439004,egrid2019_data.xlsx,ST19!STC2ERTA converted from lb/MWh
2019,HI,9749998.355,708.83560048455,egrid2019_data.xlsx,ST19!STC2ERTA converted from lb/MWh
2019,IA,62649563.58,390.75077587546,egrid2019_data.xlsx,ST19!STC2ERTA converted from lb/MWh
2019,ID,18384353.737,95.88398390956,egrid2019_data.xlsx,ST19!STC2ERTA converted from lb/MWh
2019,IL,184292979.459,329.20600233675003,egrid2019_data.xlsx,ST19!STC2ERTA converted from lb/MWh
2019,IN,102127767.394,741.2579294997801,egrid2019_data.xlsx,ST19!STC2ERTA converted from lb/MWh
2019,KS,50887993.408,405.34737834206004,egrid2019_data.xlsx,ST19!STC2ERTA converted from lb/MWh
2019,KY,71804253.994,807.68154257021,egrid2019_data.xlsx,ST19!STC2ERTA converted from lb/MWh
2019,LA,99469963.984,374.81017921655007,egrid2019_data.xlsx,ST19!STC2ERTA converted from lb/MWh
2019,MA,21513219.546,354.0651321746,egrid2019_data.xlsx,ST19!STC2ERTA converted from lb/MWh
2019,MD,39325595.561,335.06823012663,egrid2019_data.xlsx,ST19!STC2ERTA converted from lb/MWh
2019,ME,10490562.004,96.87145449905,egrid2019_data.xlsx,ST19!STC2ERTA converted from lb/MWh
2019,MI,116689224.485,459.6841155291,egrid2019_data.xlsx,ST19!STC2ERTA converted from lb/MWh
2019,MN,59379024.545,399.58176572699006,egrid2019_data.xlsx,ST19!STC2ERTA converted from lb/MWh
2019,MO,77222857.994,725.2125530034,egrid2019_data.xlsx,ST19!STC2ERTA converted from lb/MWh
2019,MS,65958759.738,379.81919975846,egrid2019_data.xlsx,ST19!STC2ERTA converted from lb/MWh
2019,MT,27797079.004,572.7646933701001,egrid2019_data.xlsx,ST19!STC2ERTA converted from lb/MWh
2019,NC,131004605.112,353.5933961098,egrid2019_data.xlsx,ST19!STC2ERTA converted from lb/MWh
2019,ND,41147324.005,656.57132683604,egrid2019_data.xlsx,ST19!STC2ERTA converted from lb/MWh
2019,NE,37297615.002,574.07965765073,egrid2019_data.xlsx,ST19!STC2ERTA converted from lb/MWh
2019,NH,18026594.829,116.22669451932,egrid2019_data.xlsx,ST19!STC2ERTA converted from lb/MWh
2019,NJ,70988175.659,247.29311701556,egrid2019_data.xlsx,ST19!STC2ERTA converted from lb/MWh
2019,NM,35174510.001,601.8585615742701,egrid2019_data.xlsx,ST19!STC2ERTA converted from lb/MWh
2019,NV,39889659.989,335.35217895025005,egrid2019_data.xlsx,ST19!STC2ERTA converted from lb/MWh
2019,NY,131568022.702,171.56995317539003,egrid2019_data.xlsx,ST19!STC2ERTA converted from lb/MWh
2019,OH,119407794.239,563.5690152530901,egrid2019_data.xlsx,ST19!STC2ERTA converted from lb/MWh
2019,OK,85216500.998,333.04792971065,egrid2019_data.xlsx,ST19!STC2ERTA converted from lb/MWh
2019,OR,62258378.2,180.58918386047,egrid2019_data.xlsx,ST19!STC2ERTA converted from lb/MWh
2019,PA,228994206.68,344.16638588409,egrid2019_data.xlsx,ST19!STC2ERTA converted from lb/MWh
2019,RI,7624238.487,386.58951947308003,egrid2019_data.xlsx,ST19!STC2ERTA converted from lb/MWh
2019,SC,99994165.303,244.21050326904003,egrid2019_data.xlsx,ST19!STC2ERTA converted from lb/MWh
2019,SD,14506646.702,223.22051634729002,egrid2019_data.xlsx,ST19!STC2ERTA converted from lb/MWh
2019,TN,82232332.683,319.50048639586004,egrid2019_data.xlsx,ST19!STC2ERTA converted from lb/MWh
2019,TX,483079821.375,414.32215697488,egrid2019_data.xlsx,ST19!STC2ERTA converted from lb/MWh
2019,UT,39105762.001,726.57378370577,egrid2019_data.xlsx,ST19!STC2ERTA converted from lb/MWh
2019,VA,96827639.664,288.41580127976,egrid2019_data.xlsx,ST19!STC2ERTA converted from lb/MWh
2019,VT,2289797.993,23.25250566331,egrid2019_data.xlsx,ST19!STC2ERTA converted from lb/MWh
2019,WA,106463608.2,135.66766349752,egrid2019_data.xlsx,ST19!STC2ERTA converted from lb/MWh
2019,WI,62021340.696,559.2734955091901,egrid2019_data.xlsx,ST19!STC2ERTA converted from lb/MWh
2019,WV,63925638.663,882.34692900354,egrid2019_data.xlsx,ST19!STC2ERTA converted from lb/MWh
2019,WY,42145656.477,938.4789847910401,egrid2019_data.xlsx,ST19!STC2ERTA converted from lb/MWh
2020,AK,6156046.989,438.22828924336005,egrid2020_data.xlsx,ST20!STC2ERTA converted from lb/MWh
2020,AL,136842032.304,327.06640712746,egrid2020_data.xlsx,ST20!STC2ERTA converted from lb/MWh
2020,AR,54641258.916,431.49652488019,egrid2020_data.xlsx,ST20!STC2ERTA converted from lb/MWh
2020,AZ,109305056.86,334.28805125023,egrid2020_data.xlsx,ST20!STC2ERTA converted from lb/MWh
2020,CA,192954153.405,205.53086750966,egrid2020_data.xlsx,ST20!STC2ERTA converted from lb/MWh
2020,CO,53792186.81,553.0366004216901,egrid2020_data.xlsx,ST20!STC2ERTA converted from lb/MWh
2020,CT,41190572.136,240.29781548542,egrid2020_data.xlsx,ST20!STC2ERTA converted from lb/MWh
2020,DC,174521.001,363.38237304677,egrid2020_data.xlsx,ST20!STC2ERTA converted from lb/MWh
2020,DE,5205372.001,342.4758471211,egrid2020_data.xlsx,ST20!STC2ERTA converted from lb/MWh
2020,FL,250780435.174,382.00143265053003,egrid2020_data.xlsx,ST20!STC2ERTA converted from lb/MWh
2020,GA,119593376.135,328.17997639581006,egrid2020_data.xlsx,ST20!STC2ERTA converted from lb/MWh
2020,HI,9069239.997,692.40965998974,egrid2020_data.xlsx,ST20!STC2ERTA converted from lb/MWh
2020,IA,59636671.813,279.04911883926,egrid2020_data.xlsx,ST20!STC2ERTA converted from lb/MWh
2020,ID,17674572.412,96.79479738852,egrid2020_data.xlsx,ST20!STC2ERTA converted from lb/MWh
2020,IL,173337706.25,252.39875273228,egrid2020_data.xlsx,ST20!STC2ERTA converted from lb/MWh
2020,IN,90072288.007,702.82096565835,egrid2020_data.xlsx,ST20!STC2ERTA converted from lb/MWh
2020,KS,54541831.47,364.77580880741,egrid2020_data.xlsx,ST20!STC2ERTA converted from lb/MWh
2020,KY,63513834.15,764.24599081138,egrid2020_data.xlsx,ST20!STC2ERTA converted from lb/MWh
2020,LA,100554704.576,345.51854473906,egrid2020_data.xlsx,ST20!STC2ERTA converted from lb/MWh
2020,MA,18195165.072,399.11637995537,egrid2020_data.xlsx,ST20!STC2ERTA converted from lb/MWh
2020,MD,35998332.922,292.71449617025,egrid2020_data.xlsx,ST20!STC2ERTA converted from lb/MWh
2020,ME,10001870.147,103.50025339423,egrid2020_data.xlsx,ST20!STC2ERTA converted from lb/MWh
2020,MI,106624721.023,425.48370442347,egrid2020_data.xlsx,ST20!STC2ERTA converted from lb/MWh
2020,MN,56500626.797,349.43213970742,egrid2020_data.xlsx,ST20!STC2ERTA converted from lb/MWh
2020,MO,71871122.027,734.1034170477701,egrid2020_data.xlsx,ST20!STC2ERTA converted from lb/MWh
2020,MS,66499288.151,405.57236015758,egrid2020_data.xlsx,ST20!STC2ERTA converted from lb/MWh
2020,MT,23353290.001,413.96517977969,egrid2020_data.xlsx,ST20!STC2ERTA converted from lb/MWh
2020,NC,124334264.838,294.12970436465,egrid2020_data.xlsx,ST20!STC2ERTA converted from lb/MWh
2020,ND,42176424.004,629.65152686128,egrid2020_data.xlsx,ST20!STC2ERTA converted from lb/MWh
2020,NE,36756238.998,544.61384370316,egrid2020_data.xlsx,ST20!STC2ERTA converted from lb/MWh
2020,NH,16340973.012,112.44328056115,egrid2020_data.xlsx,ST20!STC2ERTA converted from lb/MWh
2020,NJ,61106458.407,223.30034860441,egrid2020_data.xlsx,ST20!STC2ERTA converted from lb/MWh
2020,NM,34005838.999,571.46877996901,egrid2020_data.xlsx,ST20!STC2ERTA converted from lb/MWh
2020,NV,40335219.989,325.05472496651004,egrid2020_data.xlsx,ST20!STC2ERTA converted from lb/MWh
2020,NY,129411955.194,189.00967261715002,egrid2020_data.xlsx,ST20!STC2ERTA converted from lb/MWh
2020,OH,120992732.718,568.47733828886,egrid2020_data.xlsx,ST20!STC2ERTA converted from lb/MWh
2020,OK,82297831.402,321.43914018524003,egrid2020_data.xlsx,ST20!STC2ERTA converted from lb/MWh
2020,OR,63624781.93,154.95214310807,egrid2020_data.xlsx,ST20!STC2ERTA converted from lb/MWh
2020,PA,230134952.99,316.39292506899005,egrid2020_data.xlsx,ST20!STC2ERTA converted from lb/MWh
2020,RI,8893740.309,375.37444812483,egrid2020_data.xlsx,ST20!STC2ERTA converted from lb/MWh
2020,SC,98528796.629,233.08342884057,egrid2020_data.xlsx,ST20!STC2ERTA converted from lb/MWh
2020,SD,14146525.855,154.48585015171003,egrid2020_data.xlsx,ST20!STC2ERTA converted from lb/MWh
2020,TN,80566010.004,259.18585536459005,egrid2020_data.xlsx,ST20!STC2ERTA converted from lb/MWh
2020,TX,473366236.705,388.96407553003,egrid2020_data.xlsx,ST20!STC2ERTA converted from lb/MWh
2020,UT,37087308.992,710.2167892512,egrid2020_data.xlsx,ST20!STC2ERTA converted from lb/MWh
2020,VA,102799855.681,292.49677183265004,egrid2020_data.xlsx,ST20!STC2ERTA converted from lb/MWh
2020,VT,2154917.77,13.7483847347,egrid2020_data.xlsx,ST20!STC2ERTA converted from lb/MWh
2020,WA,116079174.179,96.73945911938,egrid2020_data.xlsx,ST20!STC2ERTA converted from lb/MWh
2020,WI,61440537.516,540.68754814844,egrid2020_data.xlsx,ST20!STC2ERTA converted from lb/MWh
2020,WV,56661533.092,873.0437494948401,egrid2020_data.xlsx,ST20!STC2ERTA converted from lb/MWh
2020,WY,42010989.65,902.69644349885,egrid2020_data.xlsx,ST20!STC2ERTA converted from lb/MWh
2021,AK,6595817.773,419.55661292468005,egrid2021_data.xlsx,ST21!STC2ERTA converted from lb/MWh
2021,AL,142731860.61,342.22501054049,egrid2021_data.xlsx,ST21!STC2ERTA converted from lb/MWh
2021,AR,61100068.005,495.84132411891005,egrid2021_data.xlsx,ST21!STC2ERTA converted from lb/MWh
2021,AZ,108500973.376,330.04333385177,egrid2021_data.xlsx,ST21!STC2ERTA converted from lb/MWh
2021,CA,196943760.108,217.94886582315002,egrid2021_data.xlsx,ST21!STC2ERTA converted from lb/MWh
2021,CO,56832574.334,555.4483510529801,egrid2021_data.xlsx,ST21!STC2ERTA converted from lb/MWh
2021,CT,44079943.539,235.02072185283998,egrid2021_data.xlsx,ST21!STC2ERTA converted from lb/MWh
2021,DC,184480.001,296.03297794917,egrid2021_data.xlsx,ST21!STC2ERTA converted from lb/MWh
2021,DE,4305126.0,394.65439181168,egrid2021_data.xlsx,ST21!STC2ERTA converted from lb/MWh
2021,FL,246185265.397,379.87635239708004,egrid2021_data.xlsx,ST21!STC2ERTA converted from lb/MWh
2021,GA,124199775.463,345.83061628962,egrid2021_data.xlsx,ST21!STC2ERTA converted from lb/MWh
2021,HI,9180590.002,681.54657632061,egrid2021_data.xlsx,ST21!STC2ERTA converted from lb/MWh
2021,IA,67198724.482,351.27508550673,egrid2021_data.xlsx,ST21!STC2ERTA converted from lb/MWh
2021,ID,16834399.801,123.35852735283001,egrid2021_data.xlsx,ST21!STC2ERTA converted from lb/MWh
2021,IL,181296445.222,298.15624383314,egrid2021_data.xlsx,ST21!STC2ERTA converted from lb/MWh
2021,IN,94126667.181,745.2205124441001,egrid2021_data.xlsx,ST21!STC2ERTA converted from lb/MWh
2021,KS,56573059.816,383.1222593968,egrid2021_data.xlsx,ST21!STC2ERTA converted from lb/MWh
2021,KY,69904814.122,789.1418616312001,egrid2021_data.xlsx,ST21!STC2ERTA converted from lb/MWh
2021,LA,97167796.19,375.90923352906003,egrid2021_data.xlsx,ST21!STC2ERTA converted from lb/MWh
2021,MA,19429416.602,389.89983658934,egrid2021_data.xlsx,ST21!STC2ERTA converted from lb/MWh
2021,MD,38166718.985,318.42365810948,egrid2021_data.xlsx,ST21!STC2ERTA converted from lb/MWh
2021,ME,10900945.883,140.33059306112,egrid2021_data.xlsx,ST21!STC2ERTA converted from lb/MWh
2021,MI,115299089.641,458.25575315597,egrid2021_data.xlsx,ST21!STC2ERTA converted from lb/MWh
2021,MN,59157704.839,377.18745682772004,egrid2021_data.xlsx,ST21!STC2ERTA converted from lb/MWh
2021,MO,76941409.993,747.9647462826,egrid2021_data.xlsx,ST21!STC2ERTA converted from lb/MWh
2021,MS,67723496.549,379.36742175794,egrid2021_data.xlsx,ST21!STC2ERTA converted from lb/MWh
2021,MT,24947923.138,477.65227008191,egrid2021_data.xlsx,ST21!STC2ERTA converted from lb/MWh
2021,NC,129730297.061,305.11208282709003,egrid2021_data.xlsx,ST21!STC2ERTA converted from lb/MWh
2021,ND,43032366.995,612.7860553599401,egrid2021_data.xlsx,ST21!STC2ERTA converted from lb/MWh
2021,NE,37910897.991,514.2417522003301,egrid2021_data.xlsx,ST21!STC2ERTA converted from lb/MWh
2021,NH,17193229.589,139.72686161665,egrid2021_data.xlsx,ST21!STC2ERTA converted from lb/MWh
2021,NJ,61421799.863,219.14589608758,egrid2021_data.xlsx,ST21!STC2ERTA converted from lb/MWh
2021,NM,35073356.999,517.4735978365801,egrid2021_data.xlsx,ST21!STC2ERTA converted from lb/MWh
2021,NV,41723320.004,325.16404072768,egrid2021_data.xlsx,ST21!STC2ERTA converted from lb/MWh
2021,NY,123769709.506,207.30123852977002,egrid2021_data.xlsx,ST21!STC2ERTA converted from lb/MWh
2021,OH,125609191.275,551.05031943346,egrid2021_data.xlsx,ST21!STC2ERTA converted from lb/MWh
2021,OK,80754585.812,343.20839879865,egrid2021_data.xlsx,ST21!STC2ERTA converted from lb/MWh
2021,OR,61016874.601,148.19724553403,egrid2021_data.xlsx,ST21!STC2ERTA converted from lb/MWh
2021,PA,241279607.04,330.95777606969,egrid2021_data.xlsx,ST21!STC2ERTA converted from lb/MWh
2021,RI,9314561.279,378.10462059986,egrid2021_data.xlsx,ST21!STC2ERTA converted from lb/MWh
2021,SC,98113946.629,258.72636629378,egrid2021_data.xlsx,ST21!STC2ERTA converted from lb/MWh
2021,SD,17322408.875,138.15924638593,egrid2021_data.xlsx,ST21!STC2ERTA converted from lb/MWh
2021,TN,79057209.281,318.71531800339005,egrid2021_data.xlsx,ST21!STC2ERTA converted from lb/MWh
2021,TX,480614368.135,390.19920755354,egrid2021_data.xlsx,ST21!STC2ERTA converted from lb/MWh
2021,UT,42560373.008,712.68251737452,egrid2021_data.xlsx,ST21!STC2ERTA converted from lb/MWh
2021,VA,93103269.048,272.85712939639,egrid2021_data.xlsx,ST21!STC2ERTA converted from lb/MWh
2021,VT,2107702.867,20.336360316580002,egrid2021_data.xlsx,ST21!STC2ERTA converted from lb/MWh
2021,WA,110808400.626,92.05838586098001,egrid2021_data.xlsx,ST21!STC2ERTA converted from lb/MWh
2021,WI,64242541.956,578.29988106121,egrid2021_data.xlsx,ST21!STC2ERTA converted from lb/MWh
2021,WV,65836062.988,888.75754996875,egrid2021_data.xlsx,ST21!STC2ERTA converted from lb/MWh
2021,WY,43460743.876,837.9751625930301,egrid2021_data.xlsx,ST21!STC2ERTA converted from lb/MWh
2022,AK,6694128.234,416.14968063361,egrid2022_data.xlsx,ST22!STC2ERTA converted from lb/MWh
2022,AL,144788892.892,358.9593938469,egrid2022_data.xlsx,ST22!STC2ERTA converted from lb/MWh
2022,AR,65905029.856,481.50236211847,egrid2022_data.xlsx,ST22!STC2ERTA converted from lb/MWh
2022,AZ,104698773.165,322.91966568092005,egrid2022_data.xlsx,ST22!STC2ERTA converted from lb/MWh
2022,CA,203256382.497,207.51170538945001,egrid2022_data.xlsx,ST22!STC2ERTA converted from lb/MWh
2022,CO,58012255.357,532.13098168076,egrid2022_data.xlsx,ST22!STC2ERTA converted from lb/MWh
2022,CT,42761369.034,237.36352644389,egrid2022_data.xlsx,ST22!STC2ERTA converted from lb/MWh
2022,DC,160237.001,251.69613815115,egrid2022_data.xlsx,ST22!STC2ERTA converted from lb/MWh
2022,DE,5308370.0,408.59419252652003,egrid2022_data.xlsx,ST22!STC2ERTA converted from lb/MWh
2022,FL,257955504.155,371.29347757194,egrid2022_data.xlsx,ST22!STC2ERTA converted from lb/MWh
2022,GA,126484632.485,336.19994308978,egrid2022_data.xlsx,ST22!STC2ERTA converted from lb/MWh
2022,HI,9304192.004,663.86237059142,egrid2022_data.xlsx,ST22!STC2ERTA converted from lb/MWh
2022,IA,72909386.062,281.93804864379,egrid2022_data.xlsx,ST22!STC2ERTA converted from lb/MWh
2022,ID,16278410.189,112.68776684858001,egrid2022_data.xlsx,ST22!STC2ERTA converted from lb/MWh
2022,IL,185197549.577,268.70539843378003,egrid2022_data.xlsx,ST22!STC2ERTA converted from lb/MWh
2022,IN,98022168.549,715.133730542,egrid2022_data.xlsx,ST22!STC2ERTA converted from lb/MWh
2022,KS,62194840.58,374.77752056591004,egrid2022_data.xlsx,ST22!STC2ERTA converted from lb/MWh
2022,KY,69146933.093,785.73765089435,egrid2022_data.xlsx,ST22!STC2ERTA converted from lb/MWh
2022,LA,105223371.518,372.24284640235,egrid2022_data.xlsx,ST22!STC2ERTA converted from lb/MWh
2022,MA,21022930.789,389.73518255903,egrid2022_data.xlsx,ST22!STC2ERTA converted from lb/MWh
2022,MD,37134094.879,290.525912985,egrid2022_data.xlsx,ST22!STC2ERTA converted from lb/MWh
2022,ME,12763920.003,155.44973393796002,egrid2022_data.xlsx,ST22!STC2ERTA converted from lb/MWh
2022,MI,116615130.596,460.72601720299,egrid2022_data.xlsx,ST22!STC2ERTA converted from lb/MWh
2022,MN,58966891.046,350.99476542207003,egrid2022_data.xlsx,ST22!STC2ERTA converted from lb/MWh
2022,MO,79361031.625,688.44753063779,egrid2022_data.xlsx,ST22!STC2ERTA converted from lb/MWh
2022,MS,67781239.54,403.10753921900005,egrid2022_data.xlsx,ST22!STC2ERTA converted from lb/MWh
2022,MT,27088739.999,467.81430516898007,egrid2022_data.xlsx,ST22!STC2ERTA converted from lb/MWh
2022,NC,134252770.682,298.06053584307,egrid2022_data.xlsx,ST22!STC2ERTA converted from lb/MWh
2022,ND,44400926.002,599.39328704332,egrid2022_data.xlsx,ST22!STC2ERTA converted from lb/MWh
2022,NE,40692718.002,501.51893981420005,egrid2022_data.xlsx,ST22!STC2ERTA converted from lb/MWh
2022,NH,18764370.187,139.00701052546003,egrid2022_data.xlsx,ST22!STC2ERTA converted from lb/MWh
2022,NJ,65039128.884,221.61253139564002,egrid2022_data.xlsx,ST22!STC2ERTA converted from lb/MWh
2022,NM,40853345.001,449.79353390125004,egrid2022_data.xlsx,ST22!STC2ERTA converted from lb/MWh
2022,NV,41832941.006,307.87355317565004,egrid2022_data.xlsx,ST22!STC2ERTA converted from lb/MWh
2022,NY,124473610.617,222.87170381476002,egrid2022_data.xlsx,ST22!STC2ERTA converted from lb/MWh
2022,OH,135802728.736,527.13239376336,egrid2022_data.xlsx,ST22!STC2ERTA converted from lb/MWh
2022,OK,84634922.609,312.58274916099,egrid2022_data.xlsx,ST22!STC2ERTA converted from lb/MWh
2022,OR,61254900.841,135.65360213405,egrid2022_data.xlsx,ST22!STC2ERTA converted from lb/MWh
2022,PA,239261130.761,323.96882483273004,egrid2022_data.xlsx,ST22!STC2ERTA converted from lb/MWh
2022,RI,7804400.21,368.40091902845,egrid2022_data.xlsx,ST22!STC2ERTA converted from lb/MWh
2022,SC,98658089.209,253.98179010358,egrid2022_data.xlsx,ST22!STC2ERTA converted from lb/MWh
2022,SD,17900462.342,148.29522148595,egrid2022_data.xlsx,ST22!STC2ERTA converted from lb/MWh
2022,TN,78032791.39,316.48137558114,egrid2022_data.xlsx,ST22!STC2ERTA converted from lb/MWh
2022,TX,521881132.673,372.82843415202,egrid2022_data.xlsx,ST22!STC2ERTA converted from lb/MWh
2022,UT,39386042.997,691.38907715724,egrid2022_data.xlsx,ST22!STC2ERTA converted from lb/MWh
2022,VA,89477324.859,267.60634412127,egrid2022_data.xlsx,ST22!STC2ERTA converted from lb/MWh
2022,VT,2182637.111,19.32711729333,egrid2022_data.xlsx,ST22!STC2ERTA converted from lb/MWh
2022,WA,116650629.994,84.35230508705,egrid2022_data.xlsx,ST22!STC2ERTA converted from lb/MWh
2022,WI,61228765.961,534.51687754696,egrid2022_data.xlsx,ST22!STC2ERTA converted from lb/MWh
2022,WV,56665360.441,895.5392094926201,egrid2022_data.xlsx,ST22!STC2ERTA converted from lb/MWh
2022,WY,46210977.449,824.44223423408,egrid2022_data.xlsx,ST22!STC2ERTA converted from lb/MWh
2023,AK,6678905.161,369.4376952,egrid2023_data_metric_rev2.xlsx,eGRID2023 ST23!STC2ERTA
2023,AL,138596256.477,323.8595136,egrid2023_data_metric_rev2.xlsx,eGRID2023 ST23!STC2ERTA
2023,AR,63195646.552,452.8805904,egrid2023_data_metric_rev2.xlsx,eGRID2023 ST23!STC2ERTA
2023,AZ,111820945.514,312.5775744,egrid2023_data_metric_rev2.xlsx,eGRID2023 ST23!STC2ERTA
2023,CA,216080235.825,179.0672184,egrid2023_data_metric_rev2.xlsx,eGRID2023 ST23!STC2ERTA
2023,CO,57471488.483,494.9129808,egrid2023_data_metric_rev2.xlsx,eGRID2023 ST23!STC2ERTA
2023,CT,40652074.995,245.2497264,egrid2023_data_metric_rev2.xlsx,eGRID2023 ST23!STC2ERTA
2023,DC,171869.499,179.1769896,egrid2023_data_metric_rev2.xlsx,eGRID2023 ST23!STC2ERTA
2023,DE,4772059.259,319.4119656,egrid2023_data_metric_rev2.xlsx,eGRID2023 ST23!STC2ERTA
2023,FL,258099011.95,357.9507288,egrid2023_data_metric_rev2.xlsx,eGRID2023 ST23!STC2ERTA
2023,GA,129220273.258,325.433052,egrid2023_data_metric_rev2.xlsx,eGRID2023 ST23!STC2ERTA
2023,HI,9158617.733,632.626848,egrid2023_data_metric_rev2.xlsx,eGRID2023 ST23!STC2ERTA
2023,IA,69819809.048,287.6531616,egrid2023_data_metric_rev2.xlsx,eGRID2023 ST23!STC2ERTA
2023,ID,17842445.937,142.375968,egrid2023_data_metric_rev2.xlsx,eGRID2023 ST23!STC2ERTA
2023,IL,177690286.567,215.2041696,egrid2023_data_metric_rev2.xlsx,eGRID2023 ST23!STC2ERTA
2023,IN,90031870.696,664.7517072,egrid2023_data_metric_rev2.xlsx,eGRID2023 ST23!STC2ERTA
2023,KS,58456598.044,332.6176224,egrid2023_data_metric_rev2.xlsx,eGRID2023 ST23!STC2ERTA
2023,KY,62417958.511,792.4410144,egrid2023_data_metric_rev2.xlsx,eGRID2023 ST23!STC2ERTA
2023,LA,97434806.41,346.1276448,egrid2023_data_metric_rev2.xlsx,eGRID2023 ST23!STC2ERTA
2023,MA,19663313.081,376.5338136,egrid2023_data_metric_rev2.xlsx,eGRID2023 ST23!STC2ERTA
2023,MD,35987133.297,236.8730952,egrid2023_data_metric_rev2.xlsx,eGRID2023 ST23!STC2ERTA
2023,ME,12512180.99,143.716356,egrid2023_data_metric_rev2.xlsx,eGRID2023 ST23!STC2ERTA
2023,MI,120648501.215,361.7151552,egrid2023_data_metric_rev2.xlsx,eGRID2023 ST23!STC2ERTA
2023,MN,57260118.977,341.2564344,egrid2023_data_metric_rev2.xlsx,eGRID2023 ST23!STC2ERTA
2023,MO,66705178.956,659.8033848,egrid2023_data_metric_rev2.xlsx,eGRID2023 ST23!STC2ERTA
2023,MS,72933440.201,375.7050864,egrid2023_data_metric_rev2.xlsx,eGRID2023 ST23!STC2ERTA
2023,MT,26895758.013,482.5945656,egrid2023_data_metric_rev2.xlsx,eGRID2023 ST23!STC2ERTA
2023,NC,126510680.084,284.1522768,egrid2023_data_metric_rev2.xlsx,eGRID2023 ST23!STC2ERTA
2023,ND,42068807.125,588.7056672,egrid2023_data_metric_rev2.xlsx,eGRID2023 ST23!STC2ERTA
2023,NE,39445955.006,465.3128592,egrid2023_data_metric_rev2.xlsx,eGRID2023 ST23!STC2ERTA
2023,NH,16824998.889,125.2942992,egrid2023_data_metric_rev2.xlsx,eGRID2023 ST23!STC2ERTA
2023,NJ,64195046.033,213.2682048,egrid2023_data_metric_rev2.xlsx,eGRID2023 ST23!STC2ERTA
2023,NM,39258858.763,350.9217432,egrid2023_data_metric_rev2.xlsx,eGRID2023 ST23!STC2ERTA
2023,NV,42162355.474,292.0544424,egrid2023_data_metric_rev2.xlsx,eGRID2023 ST23!STC2ERTA
2023,NY,123473720.157,211.6570176,egrid2023_data_metric_rev2.xlsx,eGRID2023 ST23!STC2ERTA
2023,OH,133121090.814,484.567272,egrid2023_data_metric_rev2.xlsx,eGRID2023 ST23!STC2ERTA
2023,OK,88878115.88,294.3111024,egrid2023_data_metric_rev2.xlsx,eGRID2023 ST23!STC2ERTA
2023,OR,61683300.013,165.5472168,egrid2023_data_metric_rev2.xlsx,eGRID2023 ST23!STC2ERTA
2023,PA,235912550.485,293.8742856,egrid2023_data_metric_rev2.xlsx,eGRID2023 ST23!STC2ERTA
2023,RI,10416553.048,381.0258144,egrid2023_data_metric_rev2.xlsx,eGRID2023 ST23!STC2ERTA
2023,SC,100853387.4,254.1806568,egrid2023_data_metric_rev2.xlsx,eGRID2023 ST23!STC2ERTA
2023,SD,17405995.526,152.2199952,egrid2023_data_metric_rev2.xlsx,eGRID2023 ST23!STC2ERTA
2023,TN,77754006.807,299.9048976,egrid2023_data_metric_rev2.xlsx,eGRID2023 ST23!STC2ERTA
2023,TX,544038647.008,349.8067944,egrid2023_data_metric_rev2.xlsx,eGRID2023 ST23!STC2ERTA
2023,UT,32789440.038,644.6717424,egrid2023_data_metric_rev2.xlsx,eGRID2023 ST23!STC2ERTA
2023,VA,91024103.437,244.7621064,egrid2023_data_metric_rev2.xlsx,eGRID2023 ST23!STC2ERTA
2023,VT,2480198.747,23.6956104,egrid2023_data_metric_rev2.xlsx,eGRID2023 ST23!STC2ERTA
2023,WA,102953150.197,120.922956,egrid2023_data_metric_rev2.xlsx,eGRID2023 ST23!STC2ERTA
2023,WI,62538903.174,527.7962592,egrid2023_data_metric_rev2.xlsx,eGRID2023 ST23!STC2ERTA
2023,WV,52286784.268,893.0789784,egrid2023_data_metric_rev2.xlsx,eGRID2023 ST23!STC2ERTA
2023,WY,43176351.213,831.5680968,egrid2023_data_metric_rev2.xlsx,eGRID2023 ST23!STC2ERTA
