manufacturer,product,report_date,lifetime_years,total_gwp_kgco2e,manufacturing_share_pct,manufacturing_gwp_kgco2e,annualized_manufacturing_kgco2e_per_year,source_url,source_dataset
Dell,PowerEdge C4130,February 2019,4.0,12700.0,9.5,1206.5,301.625,https://i.dell.com/sites/csdocuments/CorpComm_Docs/en/carbon-footprint-poweredge-c4130.pdf,Boavizta boavizta-data-us.csv
Dell,PowerEdge C4140,February 2019,4.0,6800.0,18.3,1244.3999999999999,311.09999999999997,https://i.dell.com/sites/csdocuments/CorpComm_Docs/en/carbon-footprint-poweredge-c4140.pdf,Boavizta boavizta-data-us.csv
Dell,PowerEdge C6420,February 2019,4.0,6510.0,18.5,1204.35,301.0875,https://i.dell.com/sites/csdocuments/CorpComm_Docs/en/carbon-footprint-poweredge-c6420.pdf,Boavizta boavizta-data-us.csv
Dell,PowerEdge FC430,February 2019,4.0,5680.0,27.700000000000003,1573.3600000000001,393.34000000000003,https://i.dell.com/sites/csdocuments/CorpComm_Docs/en/carbon-footprint-poweredge-fc430.pdf,Boavizta boavizta-data-us.csv
Dell,PowerEdge FC630,February 2019,4.0,6570.0,24.5,1609.6499999999999,402.41249999999997,https://i.dell.com/sites/csdocuments/CorpComm_Docs/en/carbon-footprint-poweredge-fc630.pdf,Boavizta boavizta-data-us.csv
Dell,PowerEdge FC640,February 2019,4.0,7460.0,21.7,1618.82,404.705,https://i.dell.com/sites/csdocuments/CorpComm_Docs/en/carbon-footprint-poweredge-fc640.pdf,Boavizta boavizta-data-us.csv
Dell,PowerEdge FC830,February 2019,4.0,8970.0,18.9,1695.33,423.8325,https://i.dell.com/sites/csdocuments/CorpComm_Docs/en/carbon-footprint-poweredge-fc830.pdf,Boavizta boavizta-data-us.csv
Dell,PowerEdge M630,January 2019,4.0,6180.0,25.3,1563.54,390.885,https://i.dell.com/sites/csdocuments/CorpComm_Docs/en/carbon-footprint-poweredge-m630.pdf,Boavizta boavizta-data-us.csv
Dell,PowerEdge M640,February 2019,4.0,7000.0,23.7,1659.0,414.75,https://i.dell.com/sites/csdocuments/CorpComm_Docs/en/carbon-footprint-poweredge-m640.pdf,Boavizta boavizta-data-us.csv
Dell,PowerEdge M830,February 2019,4.0,9150.0,18.5,1692.75,423.1875,https://i.dell.com/sites/csdocuments/CorpComm_Docs/en/carbon-footprint-poweredge-m830.pdf,Boavizta boavizta-data-us.csv
Dell,PowerEdge R230,February 2019,4.0,5380.0,21.2,1140.56,285.14,https://i.dell.com/sites/csdocuments/CorpComm_Docs/en/carbon-footprint-poweredge-r230.pdf,Boavizta boavizta-data-us.csv
Dell,PowerEdge R240,February 2019,4.0,5260.0,22.2,1167.72,291.93,https://i.dell.com/sites/csdocuments/CorpComm_Docs/en/carbon-footprint-poweredge-r240.pdf,Boavizta boavizta-data-us.csv
Dell,PowerEdge R330,January 2019,4.0,5510.0,20.8,1146.08,286.52,https://i.dell.com/sites/csdocuments/CorpComm_Docs/en/carbon-footprint-poweredge-r330.pdf,Boavizta boavizta-data-us.csv
Dell,PowerEdge R340,February 2019,4.0,5230.0,22.0,1150.6,287.65,https://i.dell.com/sites/csdocuments/CorpComm_Docs/en/carbon-footprint-poweredge-r340.pdf,Boavizta boavizta-data-us.csv
Dell,PowerEdge R430,January 2019,4.0,8150.0,14.299999999999999,1165.4499999999998,291.36249999999995,https://i.dell.com/sites/csdocuments/CorpComm_Docs/en/carbon-footprint-poweredge-r430.pdf,Boavizta boavizta-data-us.csv
Dell,PowerEdge R440,February 2019,4.0,7360.0,15.7,1155.52,288.88,https://i.dell.com/sites/csdocuments/CorpComm_Docs/en/carbon-footprint-poweredge-r440.pdf,Boavizta boavizta-data-us.csv
Dell,PowerEdge R540,February 2019,4.0,8230.0,15.0,1234.5,308.625,https://i.dell.com/sites/csdocuments/CorpComm_Docs/en/carbon-footprint-poweredge-r540.pdf,Boavizta boavizta-data-us.csv
Dell,PowerEdge R630,January 2019,4.0,7260.0,17.4,1263.24,315.81,https://i.dell.com/sites/csdocuments/CorpComm_Docs/en/carbon-footprint-poweredge-r630.pdf,Boavizta boavizta-data-us.csv
Dell,PowerEdge R640,January 2019,4.0,7730.0,16.6,1283.18,320.795,https://i.dell.com/sites/csdocuments/CorpComm_Docs/en/carbon-footprint-poweredge-r640.pdf,Boavizta boavizta-data-us.csv
Dell,PowerEdge R6415,February 2019,4.0,6840.0,17.4,1190.1599999999999,297.53999999999996,https://i.dell.com/sites/csdocuments/CorpComm_Docs/en/carbon-footprint-poweredge-r6415.pdf,Boavizta boavizta-data-us.csv
Dell,PowerEdge R6515,January 2021,4.0,8160.0,8.0,652.8000000000001,163.20000000000002,https://corporate.delltechnologies.com/asset/en-gb/products/servers/technical-support/poweredge-r6515.pdf,Boavizta boavizta-data-us.csv
Dell,PowerEdge R6525,January 2021,4.0,12700.0,6.0,762.0,190.5,https://corporate.delltechnologies.com/asset/en-gb/products/servers/technical-support/poweredge-r6525.pdf,Boavizta boavizta-data-us.csv
Dell,PowerEdge R730,January 2019,4.0,7490.0,16.3,1220.8700000000001,305.21750000000003,https://i.dell.com/sites/csdocuments/CorpComm_Docs/en/carbon-footprint-poweredge-r730.pdf,Boavizta boavizta-data-us.csv
Dell,PowerEdge R730XD,January 2019,4.0,8970.0,14.499999999999998,1300.6499999999999,325.16249999999997,https://i.dell.com/sites/csdocuments/CorpComm_Docs/en/carbon-footprint-poweredge-r730xd.pdf,Boavizta boavizta-data-us.csv
Dell,PowerEdge R740,January 2019,4.0,8640.0,15.2,1313.28,328.32,https://i.dell.com/sites/csdocuments/CorpComm_Docs/en/carbon-footprint-poweredge-r740.pdf,Boavizta boavizta-data-us.csv
Dell,PowerEdge R740XD,January 2019,4.0,9180.0,14.399999999999999,1321.9199999999998,330.47999999999996,https://i.dell.com/sites/csdocuments/CorpComm_Docs/en/carbon-footprint-poweredge-r740xd.pdf,Boavizta boavizta-data-us.csv
Dell,PowerEdge R7415,February 2019,4.0,8090.0,15.2,1229.68,307.42,https://i.dell.com/sites/csdocuments/CorpComm_Docs/en/carbon-footprint-poweredge-r7415.pdf,Boavizta boavizta-data-us.csv
Dell,PowerEdge R7425,February 2019,4.0,11600.0,11.3,1310.8,327.7,https://i.dell.com/sites/csdocuments/CorpComm_Docs/en/carbon-footprint-poweredge-r7425.pdf,Boavizta boavizta-data-us.csv
Dell,PowerEdge R7515,January 2021,4.0,8990.0,9.0,809.1,202.275,https://corporate.delltechnologies.com/asset/en-gb/products/servers/technical-support/poweredge-r7515.pdf,Boavizta boavizta-data-us.csv
Dell,PowerEdge R830,February 2019,4.0,12600.0,13.8,1738.8000000000002,434.70000000000005,https://i.dell.com/sites/csdocuments/CorpComm_Docs/en/carbon-footprint-poweredge-r830.pdf,Boavizta boavizta-data-us.csv
Dell,PowerEdge R840,February 2019,4.0,15600.0,9.8,1528.8,382.2,https://i.dell.com/sites/csdocuments/CorpComm_Docs/en/carbon-footprint-poweredge-r840.pdf,Boavizta boavizta-data-us.csv
Dell,PowerEdge R930,January 2019,4.0,13300.0,13.4,1782.2,445.55,https://i.dell.com/sites/csdocuments/CorpComm_Docs/en/carbon-footprint-poweredge-r930.pdf,Boavizta boavizta-data-us.csv
Dell,PowerEdge R940,February 2019,4.0,14100.0,9.8,1381.8,345.45,https://i.dell.com/sites/csdocuments/CorpComm_Docs/en/carbon-footprint-poweredge-r940.pdf,Boavizta boavizta-data-us.csv
Dell,PowerEdge R940xa,January 2021,4.0,13200.0,6.0,792.0,198.0,https://corporate.delltechnologies.com/asset/en-gb/products/servers/technical-support/poweredge-r940xa.pdf,Boavizta boavizta-data-us.csv
Dell,PowerEdge T130,February 2019,4.0,4260.0,26.900000000000002,1145.94,286.485,https://i.dell.com/sites/csdocuments/CorpComm_Docs/en/carbon-footprint-poweredge-t130word.pdf,Boavizta boavizta-data-us.csv
Dell,PowerEdge T140,February 2019,4.0,4480.0,25.8,1155.8400000000001,288.96000000000004,https://i.dell.com/sites/csdocuments/CorpComm_Docs/en/carbon-footprint-poweredge-t140.pdf,Boavizta boavizta-data-us.csv
Dell,PowerEdge T330,February 2019,4.0,4800.0,23.9,1147.2,286.8,https://i.dell.com/sites/csdocuments/CorpComm_Docs/en/carbon-footprint-poweredge-t330.pdf,Boavizta boavizta-data-us.csv
Dell,PowerEdge T340,February 2019,4.0,4780.0,23.7,1132.86,283.215,https://i.dell.com/sites/csdocuments/CorpComm_Docs/en/carbon-footprint-poweredge-t340.pdf,Boavizta boavizta-data-us.csv
Dell,PowerEdge T430,January 2019,4.0,8520.0,14.2,1209.84,302.46,https://i.dell.com/sites/csdocuments/CorpComm_Docs/en/carbon-footprint-poweredge-t430.pdf,Boavizta boavizta-data-us.csv
Dell,PowerEdge T440,January 2019,4.0,7810.0,15.299999999999999,1194.93,298.7325,https://i.dell.com/sites/csdocuments/CorpComm_Docs/en/carbon-footprint-poweredge-t440.pdf,Boavizta boavizta-data-us.csv
Dell,PowerEdge T630,February 2019,4.0,8560.0,14.6,1249.76,312.44,https://i.dell.com/sites/csdocuments/CorpComm_Docs/en/carbon-footprint-poweredge-t630.pdf,Boavizta boavizta-data-us.csv
Dell,PowerEdge T640,February 2019,4.0,8000.0,16.400000000000002,1312.0,328.0,https://i.dell.com/sites/csdocuments/CorpComm_Docs/en/carbon-footprint-poweredge-t640.pdf,Boavizta boavizta-data-us.csv
HP,ProLiant DL345 Gen10 Plus server4,2021,4.0,8370.0,29.9,2502.63,625.6575,https://www.hpe.com/psnow/downloadDoc/HPE%20product%20carbon%20footprint%20%E2%80%93%20HPE%20ProLiant%20DL345%20Gen10%20Plus%20server%20data%20sheet-a50005151enw.pdf?id=a50005151enw&isFutureVersion=true&ver=&form=false&preview=false&print=&hf=regular&r=&section=&prelaunchSection=&softrollSection=&deepLink=&isLinearized=false&contentDisposition=attachment,Boavizta boavizta-data-us.csv
HP,ProLiant DL365 Gen10 Plus server4,2021,4.0,7980.0,8.5,678.3000000000001,169.57500000000002,https://www.hpe.com/psnow/downloadDoc/HPE%20product%20carbon%20footprint%20%E2%80%93%20HPE%20ProLiant%20DL365%20Gen10%20Plus%20server%20data%20sheet-a50005152enw.pdf?id=a50005152enw&isFutureVersion=true&ver=&form=false&preview=false&print=&hf=regular&r=&section=&prelaunchSection=&softrollSection=&deepLink=&isLinearized=false&contentDisposition=attachment,Boavizta boavizta-data-us.csv
HP,ProLiant DL380 Gen10 server4,2021,4.0,4780.0,10.4,497.12,124.28,https://www.hpe.com/psnow/downloadDoc/HPE%20product%20carbon%20footprint%20%E2%80%93%20HPE%20ProLiant%20DL380%20Gen10%20server%20data%20sheet-a50004545enw.pdf?id=a50004545enw&isFutureVersion=true&ver=&form=false&preview=false&print=&hf=regular&r=&section=&prelaunchSection=&softrollSection=&deepLink=&isLinearized=false&contentDisposition=attachment,Boavizta boavizta-data-us.csv
HP,ProLiant DL385 Gen10 server4,,4.0,5360.0,12.8,686.08,171.52,https://www.hpe.com/psnow/downloadDoc/HPE%20product%20carbon%20footprint%20%E2%80%93%20HPE%20ProLiant%20DL385%20Gen10%20server%20data%20sheet-a50002756enw.pdf?id=a50002756enw&isFutureVersion=true&ver=&form=false&preview=false&print=&hf=regular&r=&section=&prelaunchSection=&softrollSection=&deepLink=&isLinearized=false&contentDisposition=attachment,Boavizta boavizta-data-us.csv
HP,ProLiant DL580 Gen10 server4,2021,4.0,15800.0,3.6999999999999997,584.6,146.15,https://www.hpe.com/psnow/downloadDoc/HPE%20product%20carbon%20footprint%20%E2%80%93%20HPE%20ProLiant%20DL580%20Gen10%20server%20data%20sheet-a50005153enw.pdf?id=a50005153enw&isFutureVersion=true&ver=&form=false&preview=false&print=&hf=regular&r=&section=&prelaunchSection=&softrollSection=&deepLink=&isLinearized=false&contentDisposition=attachment,Boavizta boavizta-data-us.csv
HP,ProLiant MicroServer Gen10 Plus4,2021,4.0,2500.0,18.6,465.0,116.25,https://www.hpe.com/psnow/downloadDoc/HPE%20product%20carbon%20footprint%20%E2%80%93%20HPE%20ProLiant%20MicroServer%20Gen10%20Plus%20data%20sheet-a50005154enw.pdf?id=a50005154enw&isFutureVersion=true&ver=&form=false&preview=false&print=&hf=regular&r=&section=&prelaunchSection=&softrollSection=&deepLink=&isLinearized=false&contentDisposition=attachment,Boavizta boavizta-data-us.csv
