component,weighting_specifications,ranked_first_count,top_three_count,minimum_rank,median_rank,maximum_rank,interpretation
Use Phase,9,8,8,1,1,4,"Ranks across P = contribution^a × weakness^b for a,b in {0.5,1,2}; diagnostic robustness, not value of information."
Networking Equipment,9,1,6,1,3,4,"Ranks across P = contribution^a × weakness^b for a,b in {0.5,1,2}; diagnostic robustness, not value of information."
Storage Server,9,0,9,2,3,3,"Ranks across P = contribution^a × weakness^b for a,b in {0.5,1,2}; diagnostic robustness, not value of information."
Compute Server,9,0,4,2,4,4,"Ranks across P = contribution^a × weakness^b for a,b in {0.5,1,2}; diagnostic robustness, not value of information."
Building,9,0,0,5,5,5,"Ranks across P = contribution^a × weakness^b for a,b in {0.5,1,2}; diagnostic robustness, not value of information."
Support Equipment,9,0,0,6,6,6,"Ranks across P = contribution^a × weakness^b for a,b in {0.5,1,2}; diagnostic robustness, not value of information."
Rack/Tank,9,0,0,7,7,7,"Ranks across P = contribution^a × weakness^b for a,b in {0.5,1,2}; diagnostic robustness, not value of information."
Fluid,9,0,0,8,8,8,"Ranks across P = contribution^a × weakness^b for a,b in {0.5,1,2}; diagnostic robustness, not value of information."
Cable,9,0,0,9,9,9,"Ranks across P = contribution^a × weakness^b for a,b in {0.5,1,2}; diagnostic robustness, not value of information."
