year,states_included,net_generation_mwh,generation_weighted_co2e_kg_per_mwh,reported_generation_weighted_co2e_kg_per_mwh,reported_minus_harmonized_kgco2e_per_mwh,co2_only_generation_weighted_kg_per_mwh,provider_gwp_basis,harmonized_gwp_basis,reconstructed_state_weighted_co2e_kg_per_mwh,reconstruction_minus_official_kgco2e_per_mwh,reconstruction_minus_official_pct,state_generation_coverage_of_official_pct,official_source_file,official_source_sheet_field,minimum_state_kgco2e_per_mwh,median_state_kgco2e_per_mwh,maximum_state_kgco2e_per_mwh
2012,51,4045517914.7444,517.7312752800638,517.9791765662977,0.24790128623396868,515.5209428465895,IPCC SAR GWP100,IPCC AR5 GWP100; CH4=28 and N2O=265,517.731275280064,2.2737367544323206e-13,4.440892098500626e-14,99.99999999999994,eGRID2012_Data.xlsx,"US12!USCO2AN, USCH4AN, USN2OAN, USNGENAN; reported comparison from USC2ERTA",3.396303171165729,517.5204264953462,956.2005044201436
2014,51,4079690473.912,512.6736001665537,512.63784958001,-0.035750586543713325,509.3407080158975,IPCC SAR GWP100,IPCC AR5 GWP100; CH4=28 and N2O=265,512.6736001665538,1.1368683772161603e-13,2.220446049250313e-14,100.0,eGRID2014_Data_v2.xlsx,"US14!USCO2AN, USCH4AN, USN2OAN, USNGENAN; reported comparison from USC2ERTA",10.45007915266899,498.7233002679562,945.4608131804167
2016,51,4075322641.0889997,455.4755810240935,455.48248940579003,0.006908381696518973,452.8862709156696,IPCC SAR GWP100,IPCC AR5 GWP100; CH4=28 and N2O=265,455.4755810240936,5.684341886080802e-14,2.220446049250313e-14,99.99999999999999,egrid2016_data.xlsx,"US16!USCO2AN, USCH4AN, USN2OAN, USNGENAN; reported comparison from USC2ERTA",30.390928693241758,427.72928782282867,925.8131374203496
2018,51,4168370117.666,432.16807064791203,432.21773674849,0.04966610057795151,429.63438052104374,IPCC AR4 GWP100,IPCC AR5 GWP100; CH4=28 and N2O=265,432.16807064791203,0.0,0.0,100.0,egrid2018_data.xlsx,"US18!USCO2AN, USCH4AN, USN2OAN, USNGENAN; reported comparison from USC2ERTA",25.967934010016823,408.4040994041017,935.9217919380314
2019,51,4122019669.568,403.29875061762823,403.34068569718005,0.041935079551819854,401.0797674932073,IPCC AR4 GWP100,IPCC AR5 GWP100; CH4=28 and N2O=265,401.9913163875605,-1.307434230067713,-0.3241850434858695,99.56122289362695,egrid2019_data.xlsx,"US19!USCO2AN, USCH4AN, USN2OAN, USNGENAN; reported comparison from USC2ERTA",23.154449649498975,379.7958233865719,938.2994966924288
2020,51,4003333575.409,373.0968891623441,373.13460900177,0.037719839425903956,371.1698617048474,IPCC AR4 GWP100,IPCC AR5 GWP100; CH4=28 and N2O=265,371.4751598650333,-1.6217292973108215,-0.4346670648881168,99.54704329254012,egrid2020_data.xlsx,"US20!USCO2AN, USCH4AN, USN2OAN, USNGENAN; reported comparison from USC2ERTA",13.678866127766877,345.497153727143,902.5236190332504
2021,51,4101565672.356,388.69888518098463,388.73727934503,0.038394164045371326,386.59690734158795,IPCC AR4 GWP100,IPCC AR5 GWP100; CH4=28 and N2O=265,387.24670147189636,-1.452183709088274,-0.37360120248662865,99.5490705128478,egrid2021_data.xlsx,"US21!USCO2AN, USCH4AN, USN2OAN, USNGENAN; reported comparison from USC2ERTA",20.253630182656366,375.87834690717847,888.5759525992332
2022,51,4222378512.689,375.32179000722687,375.3567580224,0.03496801517314907,373.3742591994203,IPCC AR4 GWP100,IPCC AR5 GWP100; CH4=28 and N2O=265,373.8482260820599,-1.4735639251669568,-0.3926134757959554,99.5810983181795,egrid2022_data.xlsx,"US22!USCO2AN, USCH4AN, USN2OAN, USNGENAN; reported comparison from USC2ERTA",19.26120127825431,358.9202939869469,895.3553969394001
2023,51,4173469784.235,349.6670732319829,349.66710055508,2.7323097128828522e-05,348.0003704691546,IPCC AR5 GWP100,IPCC AR5 GWP100; CH4=28 and N2O=265,348.1879057792225,-1.4791674527604073,-0.42302165859896546,99.58240814876572,egrid2023_data_rev2.xlsx,"US23!USCO2AN, USCH4AN, USN2OAN, USNGENAN; reported comparison from USC2ERTA",23.695374653003146,325.4274995098813,893.0639126032002
